-- phpMyAdmin SQL Dump
-- version 4.8.3
-- https://www.phpmyadmin.net/
--
-- 主機: 127.0.0.1:3306
-- 產生時間： 2020 年 11 月 24 日 05:32
-- 伺服器版本: 5.7.23
-- PHP 版本： 7.2.10

SET SQL_MODE = "NO_AUTO_VALUE_ON_ZERO";
SET AUTOCOMMIT = 0;
START TRANSACTION;
SET time_zone = "+00:00";


/*!40101 SET @OLD_CHARACTER_SET_CLIENT=@@CHARACTER_SET_CLIENT */;
/*!40101 SET @OLD_CHARACTER_SET_RESULTS=@@CHARACTER_SET_RESULTS */;
/*!40101 SET @OLD_COLLATION_CONNECTION=@@COLLATION_CONNECTION */;
/*!40101 SET NAMES utf8mb4 */;

--
-- 資料庫： `ed103g2`
--

-- --------------------------------------------------------

--
-- 資料表結構 `admin`
--

DROP TABLE IF EXISTS `admin`;
CREATE TABLE IF NOT EXISTS `admin` (
  `adminNo` int(11) NOT NULL AUTO_INCREMENT COMMENT '管理員編號',
  `adminId` varchar(20) NOT NULL COMMENT '管理員帳號',
  `adminPsw` varchar(20) NOT NULL COMMENT '管理員密碼',
  `adminName` varchar(20) NOT NULL COMMENT '管理員名稱',
  `adminStatus` int(11) NOT NULL DEFAULT '1' COMMENT '管理員狀態',
  PRIMARY KEY (`adminNo`) USING BTREE
) ENGINE=InnoDB AUTO_INCREMENT=11 DEFAULT CHARSET=utf8 ROW_FORMAT=DYNAMIC;

--
-- 資料表的匯出資料 `admin`
--

INSERT INTO `admin` (`adminNo`, `adminId`, `adminPsw`, `adminName`, `adminStatus`) VALUES
(1, 'divein', '123', 'coco', 1),
(2, 'admin', 'adminG2', '小管', 1),
(3, 'boss', 'bossG2', '主管', 1),
(4, 'peko', 'peko', 'peko', 1),
(5, 'haachama', 'haachama', 'haachama', 1),
(6, 'dora', 'dora', 'dora', 1),
(7, '1111', '11111', '1111', 1),
(8, 'ta010', 'ta010', 'ta010', 1),
(9, 'ta011', 'ta011', 'ta011', 1),
(10, 'aaa123', 'aaa123', 'aaa123', 1);

-- --------------------------------------------------------

--
-- 資料表結構 `biologicalimg`
--

DROP TABLE IF EXISTS `biologicalimg`;
CREATE TABLE IF NOT EXISTS `biologicalimg` (
  `biologicalNo` int(11) NOT NULL AUTO_INCREMENT COMMENT '生物編號',
  `biologicalImg` varchar(100) NOT NULL COMMENT '生物圖檔',
  `biologicalImgName` varchar(20) NOT NULL COMMENT '生物名稱',
  PRIMARY KEY (`biologicalNo`) USING BTREE
) ENGINE=InnoDB AUTO_INCREMENT=13 DEFAULT CHARSET=utf8 ROW_FORMAT=DYNAMIC;

--
-- 資料表的匯出資料 `biologicalimg`
--

INSERT INTO `biologicalimg` (`biologicalNo`, `biologicalImg`, `biologicalImgName`) VALUES
(1, 'img/diary/animal1.png', 'animal1'),
(2, 'img/diary/animal2.png', 'animal2'),
(3, 'img/diary/animal3.png', 'animal3'),
(4, 'img/diary/animal4.png', 'animal4'),
(5, 'img/diary/animal5.png', 'animal5'),
(6, 'img/diary/animal6.png', 'animal6'),
(7, 'img/diary/animal7.png', 'animal7'),
(8, 'img/diary/animal8.png', 'animal8'),
(9, 'img/diary/animal9.png', 'animal9'),
(10, 'img/diary/animal10.png', 'animal10'),
(11, 'img/diary/animal11.png', 'animal11'),
(12, 'img/diary/animal12.png', 'animal12');

-- --------------------------------------------------------

--
-- 資料表結構 `class`
--

DROP TABLE IF EXISTS `class`;
CREATE TABLE IF NOT EXISTS `class` (
  `classNo` int(11) NOT NULL AUTO_INCREMENT COMMENT '班級編號',
  `className` varchar(20) NOT NULL COMMENT '班級名稱',
  `diveNo` int(11) NOT NULL COMMENT '潛點編號',
  `trainerNo` int(11) NOT NULL COMMENT '教練編號',
  `courseNo` int(11) NOT NULL COMMENT '課程項目編號',
  `studentNum` int(11) DEFAULT NULL COMMENT '報名學員數量',
  `classQuota` int(11) NOT NULL COMMENT '可報名學員人數',
  `classPrice` int(11) NOT NULL COMMENT '開課價格',
  `classImage` varchar(25) DEFAULT NULL COMMENT '班級圖片',
  `courseDate` date NOT NULL COMMENT '上課日期',
  `endDate` date NOT NULL COMMENT '結訓日期',
  `auditStatus` int(11) NOT NULL COMMENT '審核狀態\r\n0 : 審核中\r\n1 : 審核通過\r\n2 : 審核失敗',
  `failureReason` int(11) NOT NULL COMMENT '退回理由\r\n1 : 超時工作\r\n2 : 日期不符\r\n3：其他',
  `startDate` date NOT NULL COMMENT '報名起始日期',
  `deadLine` date NOT NULL COMMENT '報名截止日期',
  PRIMARY KEY (`classNo`) USING BTREE,
  KEY `diveNo` (`diveNo`) USING BTREE,
  KEY `trainerNo` (`trainerNo`) USING BTREE,
  KEY `courseNo` (`courseNo`) USING BTREE
) ENGINE=InnoDB AUTO_INCREMENT=61 DEFAULT CHARSET=utf8 ROW_FORMAT=DYNAMIC;

--
-- 資料表的匯出資料 `class`
--

INSERT INTO `class` (`classNo`, `className`, `diveNo`, `trainerNo`, `courseNo`, `studentNum`, `classQuota`, `classPrice`, `classImage`, `courseDate`, `endDate`, `auditStatus`, `failureReason`, `startDate`, `deadLine`) VALUES
(1, '體驗潛水夏季班', 1, 1, 1, 3, 4, 1650, 'scubadiving1.jpg', '2020-11-27', '2020-11-27', 1, 0, '2020-11-05', '2020-11-26'),
(2, 'OW夏季班', 15, 1, 2, 4, 4, 14400, 'scubadiving2.jpg', '2020-11-16', '2020-11-17', 1, 0, '2020-11-01', '2020-11-15'),
(3, 'AOW夏季班', 9, 1, 3, 0, 4, 11000, 'scubadiving3.jpg', '2020-11-23', '2020-11-25', 1, 0, '2020-11-05', '2020-11-22'),
(4, 'OW+AOW夏季班', 23, 1, 4, 4, 4, 20000, 'scubadiving4.jpg', '2020-11-11', '2020-11-14', 1, 0, '2020-10-27', '2020-11-10'),
(6, '探索限定斷層', 8, 1, 1, 5, 4, 13800, 'scubadiving2.jpg', '2020-11-18', '2020-11-18', 1, 0, '2020-11-01', '2020-11-17'),
(7, '體驗綠島之美', 2, 2, 1, 4, 6, 3450, 'classpic08-1.jpg', '2020-11-16', '2020-11-16', 1, 0, '2020-11-10', '2020-11-16'),
(8, '人生從體驗綠島開始', 3, 2, 1, 5, 9, 5640, 'classpic09-1.jpg', '2020-12-16', '2020-12-16', 1, 0, '2020-12-01', '2020-12-15'),
(9, '體驗潛水找Amy', 21, 2, 1, 0, 5, 5840, 'classpic14-1.jpg', '2020-12-18', '2020-12-18', 1, 0, '2020-11-29', '2020-12-17'),
(10, '綠島海龜在想你', 3, 3, 1, 1, 5, 2340, 'classpic13-1.jpg', '2020-12-22', '2020-12-22', 1, 0, '2020-11-14', '2020-12-21'),
(11, '你看過海底教堂嗎', 1, 3, 2, 0, 5, 5340, 'classpic18-1.jpg', '2020-12-09', '2020-12-10', 1, 0, '2020-11-15', '2020-12-08'),
(12, '教堂海中游', 1, 3, 1, 0, 5, 2340, 'classpic10-1.jpg', '2020-11-19', '2020-11-19', 1, 0, '2020-11-01', '2020-11-18'),
(13, '與海龜一起過聖誕', 5, 4, 1, 0, 5, 2340, 'classpic15-1.jpg', '2020-12-25', '2020-12-25', 1, 0, '2020-11-16', '2020-12-24'),
(14, '綠島是個好島', 4, 4, 2, 0, 5, 8570, 'classpic16-1.jpg', '2020-12-15', '2020-12-16', 1, 0, '2020-11-15', '2020-12-14'),
(15, '蘭嶼沈船去', 7, 4, 3, 1, 5, 8570, 'scubadiving8.jpg', '2020-12-09', '2020-12-11', 1, 0, '2020-11-14', '2020-12-08'),
(16, '蘭嶼套裝行', 6, 4, 4, 0, 7, 8570, 'classpic07-1.jpg', '2020-12-18', '2020-12-21', 1, 0, '2020-11-14', '2020-12-17'),
(17, '誰說墾丁太遙遠', 11, 5, 2, 0, 7, 3500, 'scubadiving7.jpg', '2020-12-03', '2020-12-04', 1, 0, '2020-11-25', '2020-12-02'),
(18, '夏天墾丁潛水', 11, 2, 2, 5, 7, 3500, 'scubadiving7.jpg', '2020-11-23', '2020-11-24', 1, 0, '2020-11-15', '2020-11-22'),
(19, '水下三十米', 18, 6, 3, 0, 7, 3500, 'scubadiving7.jpg', '2020-12-11', '2020-12-13', 1, 0, '2020-12-01', '2020-12-10'),
(21, '2020', 1, 2, 1, 1, 1, 30678, 'divingClass.jpg', '2021-01-21', '2021-01-21', 1, 0, '2020-11-22', '2020-11-19'),
(22, '2020', 1, 3, 1, 0, 1, 30678, 'divingClass.jpg', '2020-11-21', '2020-11-21', 2, 0, '2020-11-09', '2020-11-20'),
(23, '2020', 1, 4, 1, 0, 1, 30678, 'divingClass.jpg', '2020-11-21', '2020-11-21', 2, 0, '2020-11-09', '2020-11-20'),
(26, '誰搬走了我的乳酪', 14, 3, 1, 0, 6, 3500, 'scubadiving7.jpg', '2020-12-31', '2020-12-31', 2, 0, '2020-12-08', '2020-12-30'),
(27, '誰搬走了我的乳酪', 14, 2, 1, 0, 6, 3500, 'scubadiving7.jpg', '2020-12-31', '2020-12-31', 1, 0, '2020-12-08', '2020-12-30'),
(28, '2020最潮公園', 22, 5, 4, 0, 7, 4000, 'divingClass.jpg', '2021-01-28', '2021-01-31', 1, 0, '2020-12-08', '2021-01-27'),
(29, '探險墾丁秘境', 13, 7, 4, 0, 9, 4000, 'scubadiving7.jpg', '2021-01-24', '2021-01-27', 1, 0, '2020-12-21', '2021-01-23'),
(30, '來到出水口', 12, 5, 1, 0, 6, 3680, 'divingClass.jpg', '2020-12-27', '2020-12-27', 1, 0, '2020-12-04', '2020-12-26'),
(31, '2020', 1, 8, 1, 0, 1, 30678, 'divingClass.jpg', '2020-11-20', '2020-11-20', 1, 0, '2020-11-05', '2020-11-19'),
(32, '體驗潛水綠島夏季班', 1, 9, 1, 3, 4, 1650, 'classpic06-1.jpg', '2020-11-25', '2020-11-25', 1, 0, '2020-11-05', '2020-11-24'),
(33, '體驗仲夏潛水班', 1, 4, 1, 2, 4, 1800, 'classpic07-1.jpg', '2020-11-23', '2020-11-23', 1, 0, '2020-11-07', '2020-11-22'),
(34, '體驗海底教堂風光', 1, 7, 1, 2, 4, 1900, 'classpic12-1.jpg', '2020-11-24', '2020-11-24', 1, 0, '2020-11-06', '2020-11-23'),
(35, '體驗潛水幼幼班', 1, 3, 1, 0, 4, 1500, 'classpic04-1.jpg', '2020-11-21', '2020-11-21', 1, 0, '2020-11-10', '2020-11-20'),
(41, '東北潛水菁英班', 20, 2, 3, 1, 4, 1500, 'classpic19-1.jpg', '2020-11-23', '2020-11-25', 1, 0, '2020-11-10', '2020-11-20'),
(42, '冬天潛水', 6, 2, 2, 0, 7, 20000, 'animal4-01.png', '2020-11-24', '2020-11-25', 1, 0, '2020-11-20', '2020-11-23'),
(43, '蘭洞水下三十米', 13, 3, 2, 0, 7, 3680, 'divingClass022.jpg', '2020-12-10', '2020-12-11', 1, 0, '2020-11-30', '2020-12-09'),
(44, 'AOW高等級潛水', 11, 4, 3, 0, 2, 15000, 'thumbnail_M_68945_01.jpg', '2020-12-02', '2020-12-04', 1, 0, '2020-11-20', '2020-12-08'),
(45, '沈船三十米', 17, 1, 2, 3, 6, 3500, 'classpic18-1.jpg', '2020-12-21', '2020-12-22', 1, 0, '2020-11-04', '2020-12-21'),
(46, '體驗潛水蘭嶼班', 7, 2, 1, 4, 4, 1850, 'scubadiving1.jpg', '2020-12-03', '2020-12-03', 1, 0, '2020-11-04', '2020-12-02'),
(47, '體驗與海洋同行', 7, 2, 1, 0, 4, 2050, 'classpic04-1.jpg', '2020-12-15', '2020-12-15', 1, 0, '2020-11-11', '2020-12-14'),
(48, '體驗八代灣美景', 7, 2, 1, 0, 4, 2050, 'classpic14-1.jpg', '2020-12-08', '2020-12-08', 1, 0, '2020-11-11', '2020-12-07'),
(49, '體驗海底沈船歷史', 7, 2, 1, 0, 4, 2100, 'classpic15-1.jpg', '2020-12-09', '2020-12-09', 1, 0, '2020-11-11', '2020-12-08'),
(52, '一起去沈船', 7, 1, 3, 0, 5, 4000, 'testHello.jpg', '2021-02-03', '2021-02-05', 0, 0, '2021-01-12', '2021-02-02'),
(53, '體驗環島礁群2.0', 19, 1, 1, 0, 6, 3500, 'divingClass022.jpg', '2021-01-08', '2021-01-08', 0, 0, '2020-12-15', '2021-01-07'),
(54, 'OW高級', 2, 1, 2, 1, 5, 20000, 'classImg730472402.jpg', '2020-12-18', '2020-12-19', 1, 0, '2020-12-01', '2020-12-17'),
(55, '體驗鋼鐵礁', 2, 1, 1, 4, 5, 15000, 'classImg730472402.jpg', '2020-11-14', '2020-11-14', 1, 0, '2020-11-01', '2020-11-13'),
(56, 'OW鋼鐵礁潛水班', 11, 2, 2, 0, 6, 15000, 'classpic16-1.jpg', '2020-12-09', '2020-12-10', 1, 0, '2020-11-07', '2020-12-09'),
(57, '焦糖超美的', 1, 2, 1, 0, 3, 3680, 'classImg081098.jpg', '2020-12-17', '2020-12-17', 0, 0, '2020-12-01', '2020-12-16'),
(58, '輕鬆考到AOW', 14, 2, 3, 0, 4, 4000, 'classImg896229159.jpg', '2020-12-27', '2020-12-29', 0, 0, '2020-12-01', '2020-12-26'),
(59, '體驗鋼鐵礁', 2, 1, 1, 0, 5, 15000, 'classImg730472402.jpg', '2020-12-13', '2020-12-13', 1, 0, '2020-12-01', '2020-12-12'),
(60, '體驗鋼鐵礁', 3, 2, 1, 0, 5, 3000, 'classImg730686.jpg', '2020-12-13', '2020-12-13', 2, 2, '2020-12-01', '2020-12-12');

-- --------------------------------------------------------

--
-- 資料表結構 `course`
--

DROP TABLE IF EXISTS `course`;
CREATE TABLE IF NOT EXISTS `course` (
  `courseNo` int(11) NOT NULL AUTO_INCREMENT COMMENT '課程項目編號',
  `licenseRequired` int(11) NOT NULL COMMENT '證照需求\r\n0:無\r\n1:OW\r\n2:AOW',
  `licenseIssue` int(11) NOT NULL COMMENT '證照核發\r\n1:OW\r\n2:AOW\r\n3: OW + AOW',
  `courseName` varchar(20) NOT NULL COMMENT '課程名稱',
  `courseNotice` varchar(300) NOT NULL COMMENT '課程須知',
  `courseImage` varchar(25) NOT NULL COMMENT '課程圖片',
  `courseIcon` varchar(200) NOT NULL COMMENT '選擇課程圖標',
  PRIMARY KEY (`courseNo`) USING BTREE
) ENGINE=InnoDB AUTO_INCREMENT=5 DEFAULT CHARSET=utf8 ROW_FORMAT=DYNAMIC;

--
-- 資料表的匯出資料 `course`
--

INSERT INTO `course` (`courseNo`, `licenseRequired`, `licenseIssue`, `courseName`, `courseNotice`, `courseImage`, `courseIcon`) VALUES
(1, 0, 0, '體驗潛水課程', '1.潛水的時候，基本上我們都以不打擾水中生物為原則。\r\n2.不要在臉部或身上使用化妝品或防曬乳。\r\n3.如有近視者可選配戴隱形眼鏡。\r\n4.在潛水前千萬不能喝含有酒精的飲料。\r\n5.單次潛水後的12小時內或重複潛水後的18小時內，禁止搭乘飛機。', 'scubadiving1.jpg', 'typeExperience.png'),
(2, 0, 1, '開放水域(OW)潜水課程', '1.報名前，請先確認自身無癲癇、心臟病、高血壓、氣喘…等重大疾病或懷孕。\r\n2.請於第一次上課前繳清訓練費用。\r\n3.使用潛水器材時，請愛惜使用，若在訓練期間毀損或遺失，則照器材原價賠償。\r\n4.若學員當天因故無法上課者，請於24小時前事先請假，剩餘課程另行安排其他時段上課補回。\r\n5.請學員於課程結束前將申請證照資料補齊，我們將約於課程結束後三十日內完成PADI潛水執照申請。\r\n6.急需證照者可先簽發臨時卡。\r\n7.與他人共乘車輛者費用為來回３００元，請與潛友自行協調上下車時間地點，並請協助維護車內清潔及乘車禮儀。\r\n', 'scubadiving2.jpg', 'typeOw.png'),
(3, 1, 2, '進階開放水域(AOW)潛水課程', '1.單次潛水後12小時內、重複潛水後24小時內禁止搭乘飛機\r\n2.潛水前請勿飲酒，宿醉、熬夜、感冒皆會影響水下狀況，請保持充足睡眠，帶著輕鬆愉悅的心情前來！\r\n3.本活動需長時間在水面活動，請參與學員評估是否對水無恐懼\r\n4.本活動氣瓶支數為：開放水域實習 岸潛 4支、泳池或平靜水域實習1- 2支\r\n5.三天共計：泳池實習 (4小時)、學科(3-4小時)、海洋實習(8小時)\r\n6.我們將於活動三天前寄發行前通知提醒您集合點及當天教練聯絡方式，天候狀況等事宜。\r\n7.活動進行時，請遵守教練指示，若因不聽勸阻自行脫隊行動或進行不安全行為者，本公司不負任何法律責任\r\n\r\n', 'scubadiving3.jpg', 'typeAow.png'),
(4, 0, 1, '開放水域及進階潛水(OW+AOW)課程', '1.單次潛水後12小時內、重複潛水後24小時內禁止搭乘飛機\r\n2.潛水前請勿飲酒，宿醉、熬夜、感冒皆會影響水下狀況，請保持充足睡眠，帶著輕鬆愉悅的心情前來！\r\n3.本活動需長時間在水面活動，請參與學員評估是否對水無恐懼\r\n4.本活動氣瓶支數為：開放水域實習 岸潛 4支、泳池或平靜水域實習1- 2支\r\n5.三天共計：泳池實習 (4小時)、學科(3-4小時)、海洋實習(8小時)\r\n6.我們將於活動三天前寄發行前通知提醒您集合點及當天教練聯絡方式，天候狀況等事宜。\r\n7.活動進行時，請遵守教練指示，若因不聽勸阻自行脫隊行動或進行不安全行為者，本公司不負任何法律責任', 'scubadiving4.jpg', 'typeOwAow.png');

-- --------------------------------------------------------

--
-- 資料表結構 `coursecontent`
--

DROP TABLE IF EXISTS `coursecontent`;
CREATE TABLE IF NOT EXISTS `coursecontent` (
  `courseContentNo` int(11) NOT NULL AUTO_INCREMENT COMMENT '課程內容編號(編號|天數|時間)',
  `courseNo` int(11) NOT NULL COMMENT '課程項目編號',
  `courseDay` int(11) NOT NULL COMMENT '課程天數。(第幾天)',
  `schedule` varchar(10) NOT NULL COMMENT '時間排程',
  `agendaContext` varchar(300) NOT NULL COMMENT '進行項目',
  PRIMARY KEY (`courseContentNo`) USING BTREE,
  KEY `courseNo` (`courseNo`) USING BTREE
) ENGINE=InnoDB AUTO_INCREMENT=21 DEFAULT CHARSET=utf8 ROW_FORMAT=DYNAMIC;

--
-- 資料表的匯出資料 `coursecontent`
--

INSERT INTO `coursecontent` (`courseContentNo`, `courseNo`, `courseDay`, `schedule`, `agendaContext`) VALUES
(1, 1, 1, '09:00', '寫報名表及分配裝備\r\n環境 / 教練 /裝備介紹 . 室內課程 3小時\r\n'),
(2, 1, 1, '13:00', '泳池實習 4.5小時\r\n教學內容 :入水技巧、中性平衡、潛水技巧、潛水通訊與程序、緊急狀況處理（裝備脫著/面鏡排水/調節器尋回/二級頭故障/共生） ※以上皆須完成動作技巧標準。\r\n'),
(3, 2, 1, '09:00', '寫報名表及分配裝備\r\n環境 / 教練 /裝備介紹 . 室內課程 3小時'),
(4, 2, 1, '13:00', '泳池實習 4.5小時\r\n教學內容 :入水技巧、中性平衡、潛水技巧、潛水通訊與程序、緊急狀況處理（裝備脫著/面鏡排水/調節器尋回/二級頭故障/共生） ※以上皆須完成動作技巧標準。'),
(5, 2, 2, '09:00', '開放水域 2支氣瓶\r\n教學內容 : 入水技巧、中性平衡、潛水技巧、潛水通訊與程序、緊急狀況處理（裝備脫著/面鏡排水/調節器尋回/二級頭故障/共生）\r\n'),
(6, 2, 2, '13:00', '開放水域 3支氣瓶\r\n教學內容 : 潛水理論課程、知識復習作業、學科筆試及檢討考卷\r\n學科測驗 : 須達到75分以上\r\n'),
(7, 3, 1, '09:00', '寫報名表及分配裝備\r\n環境 / 教練 /裝備介紹 . 室內課程 3小時\r\n'),
(8, 3, 1, '13:00', '泳池實習 4.5小時\r\n教學內容 :入水技巧、中性平衡、潛水技巧、潛水通訊與程序、緊急狀況處理（裝備脫著/面鏡排水/調節器尋回/二級頭故障/共生） ※以上皆須完成動作技巧標準。\r\n'),
(9, 3, 2, '09:00', '開放水域 2支氣瓶\r\n教學內容 : 入水技巧、中性平衡、潛水技巧、潛水通訊與程序、緊急狀況處理（裝備脫著/面鏡排水/調節器尋回/二級頭故障/共生）\r\n'),
(10, 3, 2, '13:00', '開放水域 2支氣瓶\r\n教學內容 : 潛水導論、潛水物理學、潛水生理學、潛水裝備、潛水技巧、開放水域環境、水中生物介紹、潛水安全實務、潛水通訊與程序\r\n'),
(11, 3, 3, '09:00', '開放水域 2支氣瓶\r\n教學內容 : 洞穴潛水、中性平衡、夜潛、潛水通訊與程序、緊急狀況處理（裝備脫著/面鏡排水/調節器尋回/二級頭故障/共生）\r\n'),
(12, 3, 3, '13:00', '動作檢討與潛水日誌\r\n教學內容 : 加強中性平衡、潛水技巧、及緊急狀況處理（裝備脫著/面鏡排水/調節器尋回/二級頭故障/共生）\r\n學科測驗 : 須達到75分以上\r\n'),
(13, 4, 1, '09:00', '寫報名表及分配裝備\r\n環境 / 教練 /裝備介紹 . 室內課程 3小時\r\n'),
(14, 4, 1, '13:00', '泳池實習 4.5小時\r\n教學內容 :入水技巧、中性平衡、潛水技巧、潛水通訊與程序、緊急狀況處理（裝備脫著/面鏡排水/調節器尋回/二級頭故障/共生） ※以上皆須完成動作技巧標準。\r\n'),
(15, 4, 2, '09:00', '開放水域 2支氣瓶\r\n教學內容 : 入水技巧、中性平衡、潛水技巧、潛水通訊與程序、緊急狀況處理（裝備脫著/面鏡排水/調節器尋回/二級頭故障/共生）\r\n'),
(16, 4, 2, '13:00', '開放水域 3支氣瓶\r\n教學內容 : 潛水導論、潛水物理學、潛水生理學、潛水裝備、潛水技巧、開放水域環境、水中生物介紹、潛水安全實務、潛水通訊與程序\r\n'),
(17, 4, 3, '09:00', '開放水域 2支氣瓶\r\n教學內容 : 洞穴潛水、中性平衡、夜潛、潛水通訊與程序、緊急狀況處理（裝備脫著/面鏡排水/調節器尋回/二級頭故障/共生）\r\n'),
(18, 4, 3, '13:00', '開放水域 2支氣瓶\r\n教學內容 : 洞穴潛水、中性平衡、夜潛、指南針使用、緊急狀況處理（裝備脫著/面鏡排水/調節器尋回/二級頭故障/共生）\r\n'),
(19, 4, 4, '09:00', '動作檢討與潛水日誌\r\n教學內容 : 加強中性平衡、潛水技巧、及緊急狀況處理（裝備脫著/面鏡排水/調節器尋回/二級頭故障/共生）\r\n'),
(20, 4, 4, '13:00', '學科筆試及檢討考卷\r\n教學內容 : 潛水理論課程、知識復習作業、學科筆試及檢討考卷\r\n學科測驗 : 須達到75分以上\r\n');

-- --------------------------------------------------------

--
-- 資料表結構 `courselicensemapping`
--

DROP TABLE IF EXISTS `courselicensemapping`;
CREATE TABLE IF NOT EXISTS `courselicensemapping` (
  `courseLicenseMappingNo` int(11) NOT NULL AUTO_INCREMENT COMMENT '課程證照明細編號',
  `courseNo` int(11) NOT NULL COMMENT '課程項目編號',
  `licenseNo` int(11) NOT NULL COMMENT '證照類別編號',
  PRIMARY KEY (`courseLicenseMappingNo`) USING BTREE,
  KEY `courseNo` (`courseNo`) USING BTREE
) ENGINE=InnoDB AUTO_INCREMENT=6 DEFAULT CHARSET=utf8 ROW_FORMAT=DYNAMIC;

--
-- 資料表的匯出資料 `courselicensemapping`
--

INSERT INTO `courselicensemapping` (`courseLicenseMappingNo`, `courseNo`, `licenseNo`) VALUES
(1, 1, 0),
(2, 2, 1),
(3, 3, 2),
(4, 4, 1),
(5, 4, 2);

-- --------------------------------------------------------

--
-- 資料表結構 `diaryimg`
--

DROP TABLE IF EXISTS `diaryimg`;
CREATE TABLE IF NOT EXISTS `diaryimg` (
  `biologicalNo` int(11) NOT NULL COMMENT '生物編號',
  `diaryNo` int(11) NOT NULL COMMENT '日誌編號',
  KEY `diaryNo` (`diaryNo`) USING BTREE,
  KEY `biologicalNo` (`biologicalNo`) USING BTREE
) ENGINE=InnoDB DEFAULT CHARSET=utf8 ROW_FORMAT=DYNAMIC;

--
-- 資料表的匯出資料 `diaryimg`
--

INSERT INTO `diaryimg` (`biologicalNo`, `diaryNo`) VALUES
(1, 2),
(2, 1),
(3, 2),
(4, 1),
(5, 2),
(6, 1),
(4, 3),
(10, 3),
(6, 3),
(5, 4),
(12, 4),
(4, 4),
(7, 5),
(11, 5),
(9, 5),
(4, 6),
(7, 6),
(8, 6),
(3, 7),
(10, 7),
(4, 7),
(11, 7),
(2, 8),
(7, 8),
(3, 8),
(4, 9),
(8, 9),
(4, 9),
(1, 10),
(9, 10),
(5, 10),
(2, 11),
(10, 11),
(6, 11),
(3, 12),
(11, 12),
(7, 12),
(4, 13),
(12, 13),
(8, 13),
(5, 14),
(1, 14),
(9, 14),
(6, 15),
(2, 15),
(10, 15),
(2, 16),
(10, 16),
(6, 16),
(3, 17),
(11, 17),
(7, 17),
(4, 18),
(12, 18),
(8, 18),
(5, 19),
(1, 19),
(9, 19),
(6, 20),
(2, 20),
(10, 20),
(7, 21),
(3, 21),
(11, 21),
(8, 22),
(4, 22),
(12, 22),
(9, 23),
(5, 23),
(1, 23),
(1, 90),
(2, 90),
(3, 93),
(5, 93),
(12, 93),
(4, 94),
(7, 94),
(9, 94),
(1, 95),
(7, 95),
(10, 95),
(4, 96),
(5, 96),
(7, 96),
(4, 97),
(8, 97),
(12, 97),
(3, 98),
(5, 98),
(12, 98),
(1, 99),
(2, 99),
(9, 99),
(12, 99),
(1, 100),
(4, 100),
(9, 100),
(5, 101),
(7, 101),
(10, 101),
(1, 102),
(7, 102),
(9, 102),
(12, 102),
(7, 103),
(2, 104),
(5, 104),
(6, 104),
(1, 105),
(2, 105),
(12, 105),
(4, 106),
(5, 106),
(11, 106);

-- --------------------------------------------------------

--
-- 資料表結構 `diaryreport`
--

DROP TABLE IF EXISTS `diaryreport`;
CREATE TABLE IF NOT EXISTS `diaryreport` (
  `diaryReportNo` int(11) NOT NULL AUTO_INCREMENT COMMENT '檢舉日誌編號',
  `diaryNo` int(11) NOT NULL COMMENT '日誌編號\r\n(被檢舉日誌編號)',
  `memNo` int(11) NOT NULL COMMENT '會員編號\r\n(檢舉人的會員編號)',
  `diaryReportReason` varchar(50) NOT NULL COMMENT '檢舉選項\r\n0:仇恨言論\r\n1:色情內容\r\n2:與本網站無關',
  `diaryReportResult` int(11) NOT NULL COMMENT '審核結果\r\n0:審核中\r\n1:審核通過\r\n2:審核未通過',
  PRIMARY KEY (`diaryReportNo`) USING BTREE,
  KEY `diaryNo` (`diaryNo`) USING BTREE,
  KEY `memNo` (`memNo`) USING BTREE
) ENGINE=InnoDB AUTO_INCREMENT=2 DEFAULT CHARSET=utf8 ROW_FORMAT=DYNAMIC;

--
-- 資料表的匯出資料 `diaryreport`
--

INSERT INTO `diaryreport` (`diaryReportNo`, `diaryNo`, `memNo`, `diaryReportReason`, `diaryReportResult`) VALUES
(1, 1, 2, '2', 0);

-- --------------------------------------------------------

--
-- 資料表結構 `diveanimal`
--

DROP TABLE IF EXISTS `diveanimal`;
CREATE TABLE IF NOT EXISTS `diveanimal` (
  `animalNo` int(11) NOT NULL AUTO_INCREMENT COMMENT '動物編號',
  `diveAreaNo` int(11) NOT NULL COMMENT '潛點區域編號',
  `diveNo` int(11) NOT NULL COMMENT '潛點編號',
  `animalName` varchar(20) NOT NULL COMMENT '動物名稱',
  `animalPic` varchar(25) NOT NULL COMMENT '動物照片',
  PRIMARY KEY (`animalNo`) USING BTREE,
  KEY `diveAreaNo` (`diveAreaNo`) USING BTREE,
  KEY `diveNo` (`diveNo`) USING BTREE
) ENGINE=InnoDB AUTO_INCREMENT=93 DEFAULT CHARSET=utf8 ROW_FORMAT=DYNAMIC;

--
-- 資料表的匯出資料 `diveanimal`
--

INSERT INTO `diveanimal` (`animalNo`, `diveAreaNo`, `diveNo`, `animalName`, `animalPic`) VALUES
(1, 1, 2, '小蘭', 'animals-01.png'),
(2, 1, 2, '柯南', 'animals-02.png'),
(3, 1, 2, '園子', 'animals-03.png'),
(4, 1, 2, '京極真', 'animals-04.png'),
(5, 1, 1, '京極真', 'animals-04.png'),
(6, 1, 1, '園子', 'animals-03.png'),
(7, 1, 1, '柯南', 'animals-02.png'),
(8, 1, 1, '小蘭', 'animals-01.png'),
(9, 1, 3, '元太', 'animals-05.png'),
(10, 1, 3, '步美', 'animals-06.png'),
(11, 1, 3, '光彥', 'animals-07.png'),
(12, 1, 3, '灰原', 'animals-08.png'),
(13, 1, 4, '灰原', 'animals-08.png'),
(14, 1, 4, '光彥', 'animals-07.png'),
(15, 1, 4, '步美', 'animals-06.png'),
(16, 1, 4, '元太', 'animals-05.png'),
(17, 1, 5, '毛利小五郎', 'animals-09.png'),
(18, 1, 5, '目暮警官', 'animals-10.png'),
(19, 1, 5, '佐藤美和子', 'animals-11.png'),
(20, 1, 5, '千葉警官', 'animals-12.png'),
(21, 2, 6, '高木警官', 'animals-13.png'),
(22, 2, 6, '工藤優作', 'animals-14.png'),
(23, 2, 6, '妃英理', 'animals-15.png'),
(24, 2, 6, '平次', 'animals-16.png'),
(25, 2, 7, '和葉', 'animals-17.png'),
(26, 2, 7, '工藤新一', 'animals-18.png'),
(27, 2, 7, '怪盜基德', 'animals-19.png'),
(28, 2, 7, '阿笠博士', 'animals-20.png'),
(29, 2, 8, '元太', 'animals-05.png'),
(30, 2, 8, '步美', 'animals-06.png'),
(31, 2, 8, '光彥', 'animals-07.png'),
(32, 2, 8, '灰原', 'animals-08.png'),
(33, 2, 9, '灰原', 'animals-08.png'),
(34, 2, 9, '光彥', 'animals-07.png'),
(35, 2, 9, '步美', 'animals-06.png'),
(36, 2, 9, '元太', 'animals-05.png'),
(37, 2, 10, '毛利小五郎', 'animals-09.png'),
(38, 2, 10, '目暮警官', 'animals-10.png'),
(39, 2, 10, '佐藤美和子', 'animals-11.png'),
(40, 2, 10, '千葉警官', 'animals-12.png'),
(41, 3, 11, '小蘭', 'animals-01.png'),
(42, 3, 11, '柯南', 'animals-02.png'),
(43, 3, 11, '園子', 'animals-03.png'),
(44, 3, 11, '京極真', 'animals-04.png'),
(45, 3, 12, '毛利小五郎', 'animals-09.png'),
(46, 3, 12, '目暮警官', 'animals-10.png'),
(47, 3, 12, '佐藤美和子', 'animals-11.png'),
(48, 3, 12, '千葉警官', 'animals-12.png'),
(49, 3, 13, '高木警官', 'animals-13.png'),
(50, 3, 13, '工藤優作', 'animals-14.png'),
(51, 3, 13, '妃英理', 'animals-15.png'),
(52, 3, 13, '平次', 'animals-16.png'),
(53, 3, 14, '和葉', 'animals-17.png'),
(54, 3, 14, '工藤新一', 'animals-18.png'),
(55, 3, 14, '怪盜基德', 'animals-19.png'),
(56, 3, 14, '阿笠博士', 'animals-20.png'),
(57, 4, 19, '柯南', 'animals-02.png'),
(58, 4, 19, '園子', 'animals-03.png'),
(59, 4, 19, '京極真', 'animals-04.png'),
(60, 4, 19, '京極真', 'animals-04.png'),
(61, 4, 18, '步美', 'animals-06.png'),
(62, 4, 18, '元太', 'animals-05.png'),
(63, 4, 18, '毛利小五郎', 'animals-09.png'),
(64, 4, 18, '目暮警官', 'animals-10.png'),
(65, 4, 17, '佐藤美和子', 'animals-11.png'),
(66, 4, 17, '千葉警官', 'animals-12.png'),
(67, 4, 17, '高木警官', 'animals-13.png'),
(68, 4, 17, '工藤優作', 'animals-14.png'),
(69, 4, 16, '妃英理', 'animals-15.png'),
(70, 4, 16, '平次', 'animals-16.png'),
(71, 4, 16, '和葉', 'animals-17.png'),
(72, 4, 16, '工藤新一', 'animals-18.png'),
(73, 4, 15, '怪盜基德', 'animals-19.png'),
(74, 4, 15, '阿笠博士', 'animals-20.png'),
(75, 4, 15, '元太', 'animals-05.png'),
(76, 4, 15, '步美', 'animals-06.png'),
(77, 5, 23, '毛利小五郎', 'animals-09.png'),
(78, 5, 23, '目暮警官', 'animals-10.png'),
(79, 5, 23, '佐藤美和子', 'animals-11.png'),
(80, 5, 23, '千葉警官', 'animals-12.png'),
(81, 5, 22, '小蘭', 'animals-01.png'),
(82, 5, 22, '柯南', 'animals-02.png'),
(83, 5, 22, '園子', 'animals-03.png'),
(84, 5, 22, '京極真', 'animals-04.png'),
(85, 5, 21, '目暮警官', 'animals-10.png'),
(86, 5, 21, '佐藤美和子', 'animals-11.png'),
(87, 5, 21, '千葉警官', 'animals-12.png'),
(88, 5, 21, '高木警官', 'animals-13.png'),
(89, 5, 20, '工藤新一', 'animals-18.png'),
(90, 5, 20, '怪盜基德', 'animals-19.png'),
(91, 5, 20, '阿笠博士', 'animals-20.png'),
(92, 5, 20, '柯南', 'animals-02.png');

-- --------------------------------------------------------

--
-- 資料表結構 `divearea`
--

DROP TABLE IF EXISTS `divearea`;
CREATE TABLE IF NOT EXISTS `divearea` (
  `diveAreaNo` int(11) NOT NULL COMMENT '潛點區域編號',
  `diveAreaName` varchar(20) NOT NULL COMMENT '潛點區域名稱',
  `geocode` varchar(10) NOT NULL COMMENT '潛點區域地理編碼-未來一週',
  `spotStationId_sea` varchar(10) NOT NULL COMMENT '潛點區域海域標碼-即時',
  `spotStationId` varchar(10) NOT NULL COMMENT '潛點區域標碼-即時',
  `geocodeTwo` varchar(50) NOT NULL COMMENT '潛點區域地理編碼-未來兩天',
  PRIMARY KEY (`diveAreaNo`) USING BTREE
) ENGINE=InnoDB DEFAULT CHARSET=utf8 ROW_FORMAT=DYNAMIC;

--
-- 資料表的匯出資料 `divearea`
--

INSERT INTO `divearea` (`diveAreaNo`, `diveAreaName`, `geocode`, `spotStationId_sea`, `spotStationId`, `geocodeTwo`) VALUES
(1, '綠島', '10014', 'WRA007', '467660', '1001411'),
(2, '蘭嶼', '10014', 'C6S94', '467620', '1001416'),
(3, '墾丁', '10013', '46759A', '467590', '1001304'),
(4, '小琉球', '10013', '46714D', '467590', '1001322'),
(5, '東北角', '65', '46694A', '466900', '6502600');

-- --------------------------------------------------------

--
-- 資料表結構 `divecomment`
--

DROP TABLE IF EXISTS `divecomment`;
CREATE TABLE IF NOT EXISTS `divecomment` (
  `comNo` int(11) NOT NULL AUTO_INCREMENT COMMENT '留言編號',
  `memNo` int(11) NOT NULL COMMENT '會員編號',
  `diveNo` int(11) NOT NULL COMMENT '潛點編號',
  `content` varchar(200) NOT NULL COMMENT '留言內容',
  `comTime` datetime NOT NULL DEFAULT CURRENT_TIMESTAMP COMMENT '留言時間',
  `comStatus` int(11) NOT NULL COMMENT '留言狀態\r\n0:已刪除\r\n1:正常顯示',
  PRIMARY KEY (`comNo`) USING BTREE,
  KEY `memNo` (`memNo`) USING BTREE,
  KEY `diveNo` (`diveNo`) USING BTREE
) ENGINE=InnoDB AUTO_INCREMENT=176 DEFAULT CHARSET=utf8 ROW_FORMAT=DYNAMIC;

--
-- 資料表的匯出資料 `divecomment`
--

INSERT INTO `divecomment` (`comNo`, `memNo`, `diveNo`, `content`, `comTime`, `comStatus`) VALUES
(1, 1, 2, '這裡非常好玩喲！這裡非常好玩喲！這裡非常好玩喲！這裡非常好玩喲！', '2020-11-04 23:51:14', 1),
(2, 2, 2, '這裡無聊透頂了 無言．．．．', '2020-11-01 07:31:14', 1),
(3, 2, 2, '哈洽馬洽馬~~^^\'', '2020-11-16 16:24:46', 1),
(7, 1, 6, '我想來這邊', '2020-11-17 14:13:39', 1),
(9, 2, 2, '這裡非常好玩喲！這裡非常好玩喲！這裡非常好玩喲！這裡非常好玩喲！', '2020-11-04 23:51:14', 1),
(10, 3, 11, '這裡無聊透頂了 無言．．．．', '2020-11-01 07:31:14', 1),
(11, 4, 2, '哈洽馬洽馬~~^^\'', '2020-11-16 16:24:46', 1),
(12, 5, 11, '太有意思了', '2020-11-17 10:22:25', 1),
(13, 6, 3, '我要留言', '2020-11-17 13:09:44', 1),
(14, 6, 18, '我要留言', '2020-11-17 13:53:59', 1),
(15, 7, 6, '我想來這邊', '2020-11-17 14:13:39', 1),
(17, 2, 11, '這裡非常好玩喲！這裡非常好玩喲！這裡非常好玩喲！這裡非常好玩喲！', '2020-11-04 23:51:14', 1),
(18, 4, 2, '這裡無聊透頂了 無言．．．．', '2020-11-01 07:31:14', 1),
(19, 10, 2, '哈洽馬洽馬~~^^\'', '2020-11-16 16:24:46', 1),
(20, 5, 2, '太有意思了', '2020-11-17 10:22:25', 1),
(21, 1, 3, '我要留言', '2020-11-17 13:09:44', 1),
(22, 2, 18, '我要留言', '2020-11-17 13:53:59', 1),
(23, 9, 6, '我想來這邊', '2020-11-17 14:13:39', 1),
(25, 1, 2, '這裡非常好玩喲！這裡非常好玩喲！這裡非常好玩喲！這裡非常好玩喲！', '2020-11-04 23:51:14', 1),
(26, 10, 2, '這裡無聊透頂了 無言．．．．', '2020-11-01 07:31:14', 1),
(27, 7, 2, '哈洽馬洽馬~~^^\'', '2020-11-16 16:24:46', 1),
(28, 9, 2, '太有意思了', '2020-11-17 10:22:25', 1),
(29, 14, 3, '我要留言', '2020-11-17 13:09:44', 1),
(30, 9, 18, '我要留言', '2020-11-17 13:53:59', 1),
(31, 10, 6, '我想來這邊', '2020-11-17 14:13:39', 1),
(32, 12, 5, 'hhhhh', '2020-11-17 14:33:59', 1),
(33, 1, 3, 'ji3ul4xu.6u06\n', '2020-11-17 15:42:23', 1),
(35, 2, 2, '很有意思', '2020-11-17 15:44:30', 1),
(36, 14, 1, 'hi~', '2020-11-19 00:47:51', 1),
(37, 14, 18, '123', '2020-11-19 15:31:50', 1),
(38, 19, 1, 'pekopeko', '2020-11-19 21:30:09', 1),
(39, 1, 1, '我要留言', '2020-11-20 00:37:45', 1),
(40, 1, 9, '11111', '2020-11-20 09:39:26', 1),
(41, 1, 9, '１２３', '2020-11-20 10:52:24', 1),
(42, 29, 18, '當天天氣還不錯，我真是太幸運了！', '2020-11-20 16:12:55', 1),
(43, 29, 9, '朋友因為怕水，都只待在船上，真是太可惜了。', '2020-11-20 16:16:33', 1),
(44, 29, 5, '請問此潛點可以帶小孩去嗎？', '2020-11-20 16:16:58', 1),
(45, 29, 23, '怎麼都沒人留言？都沒人來過這個潛點嗎？', '2020-11-20 16:17:27', 1),
(46, 29, 1, '有人玩過這個網站的遊戲嗎？', '2020-11-20 16:18:39', 1),
(47, 34, 23, '這個潛點假日都沒人，是個清閒的好地方', '2020-11-20 16:22:18', 1),
(48, 34, 4, '暈船好不舒服…', '2020-11-20 16:24:58', 1),
(49, 34, 3, '都沒看到大魚，真是白來了。', '2020-11-20 16:25:29', 1),
(50, 34, 9, '我怎麼會…這麼帥啊？', '2020-11-20 16:25:51', 1),
(51, 34, 15, '潛到一半裝備出了問題，果然便宜沒好貨', '2020-11-20 16:27:01', 1),
(52, 34, 5, '第一次近距離看到魟魚！太震撼了！', '2020-11-20 16:28:34', 1),
(53, 37, 14, '大家都是多久潛一次水啊？', '2020-11-20 16:30:56', 1),
(55, 37, 17, '有一種孤獨，叫一個人潛水', '2020-11-20 16:31:50', 1),
(56, 37, 6, '下次不要冬天來潛水了，快冷死我了', '2020-11-20 16:32:15', 1),
(57, 37, 7, '這是我第一次潛水，很不錯的體驗！', '2020-11-20 16:33:20', 1),
(58, 39, 2, '當地人很熱情，上岸後吃到很多美食，是個好地方', '2020-11-20 17:16:41', 1),
(59, 39, 4, '我看到了一條好特別的魚，可惜不知道是什麼魚', '2020-11-20 17:17:28', 1),
(60, 39, 17, '好想來這裡潛水，可是我要上班…', '2020-11-20 17:17:59', 1),
(61, 39, 19, '兩年前去過一次，不知道現在怎麼樣了', '2020-11-20 17:18:28', 1),
(62, 39, 18, '聽說晚上來夜潛的話，可以看到附近的小卷船。', '2020-11-20 17:19:20', 1),
(63, 39, 8, '本來路上一直下雨，還以為去不成了，還好一下車就放晴了。', '2020-11-20 17:20:25', 1),
(64, 39, 9, '來試一下新的裝備', '2020-11-20 17:20:46', 1),
(65, 40, 9, '海洋真是太美麗了，我下次還要再來！', '2020-11-20 17:23:00', 1),
(66, 40, 20, '飼料一丟魚就就都靠過來了，真是壯觀！', '2020-11-20 17:24:22', 1),
(67, 40, 21, '龍洞有龍嗎？', '2020-11-20 17:24:43', 1),
(68, 40, 22, ' 附近有家民宿很不錯，連潛兩天就是爽。', '2020-11-20 17:25:44', 1),
(69, 40, 12, '珊瑚附近好多魚哦', '2020-11-20 17:26:24', 1),
(70, 41, 6, '潛伴換了新裝備，羨慕！', '2020-11-20 17:29:16', 1),
(71, 41, 22, '看到了很多垃圾，環保意識還要再加強！', '2020-11-20 17:38:06', 1),
(72, 41, 20, '車票訂好了！不知道這次可以看到什麼魚', '2020-11-20 17:39:46', 1),
(73, 41, 23, '這個網站還滿不錯的，資訊很清楚。', '2020-11-20 17:40:47', 1),
(74, 41, 18, '想和老婆一起來玩', '2020-11-20 17:41:50', 1),
(75, 41, 15, '我家弟弟還滿喜歡這裡的，一來就愛上，一直吵著要來', '2020-11-20 17:42:22', 1),
(76, 41, 8, '烏~龜', '2020-11-20 17:43:11', 1),
(77, 44, 3, '全台最大外送茶 賴 lor123', '2020-11-20 18:51:40', 1),
(78, 44, 3, '樓下 我想喝茶', '2020-11-20 18:52:08', 1),
(79, 45, 22, '未來一週都可能會下雨耶…好煩哦，那我晚點再去潛好了…', '2020-11-21 03:14:55', 1),
(80, 45, 11, '看到很多燕魚，復育做得很成功，另外水裡的引導線很實用，潛起來不算太困難。', '2020-11-21 03:18:47', 1),
(81, 45, 21, '四天三夜行程很棒 可以去船潛不會累 還可以夜潛看夜晚才出現的豐富魚類', '2020-11-21 03:19:22', 1),
(82, 45, 11, '這次在海裡看到的牛港鰺，真的太可愛了！還好我有帶上防水相機！', '2020-11-21 03:20:47', 1),
(83, 45, 12, '我去潛的時候水很清澈，能見度還不錯，幸運~', '2020-11-21 03:22:17', 1),
(84, 45, 3, '這個大珊瑚真的看起來好像香菇哦！大自然真是奇妙！', '2020-11-21 03:23:15', 1),
(85, 45, 1, '這個潛點真的有難度！新手不要輕易挑戰！', '2020-11-21 03:25:55', 1),
(86, 45, 6, '這次看到好多小丑魚哦！上次都沒看到的說', '2020-11-21 03:32:00', 1),
(87, 45, 9, '這次真的玩的太開心了！(但是隔天全身痠痛)', '2020-11-21 03:37:54', 1),
(88, 45, 19, '啊！這裡我還沒去過耶！好想去哦', '2020-11-21 03:38:28', 1),
(89, 45, 13, '我現在就在墾丁~', '2020-11-21 03:48:01', 1),
(90, 45, 15, '小琉球的海龜現在都很習慣人們了，因為當地人都很友善海龜們。希望能繼續維持下去。', '2020-11-21 03:48:57', 1),
(91, 45, 16, '提醒大家，千！萬！不要摸海龜哦！會罰款哦', '2020-11-21 03:53:15', 1),
(92, 12, 2, '這隻魚超怪的!!!一直追著我，好可怕QQ', '2020-11-21 09:19:54', 1),
(93, 46, 2, '我是可警 來這裡晃晃好酷唷', '2020-11-21 09:25:27', 1),
(94, 46, 3, '這裡看起很不賴 但聽說大香菇被吹倒了', '2020-11-21 09:28:12', 1),
(95, 46, 5, '是雞仔礁 還是機仔礁 還是雞在叫@@!!!\n', '2020-11-21 09:29:57', 1),
(96, 46, 23, '畢業後~我想帶ED103的人來這裡晃晃', '2020-11-21 09:30:50', 1),
(97, 46, 23, '我好像發現了什麼', '2020-11-21 09:31:16', 1),
(98, 46, 18, '樓下是聽誰說的@@! 真的可以看到小卷嗎??  我想看', '2020-11-21 09:32:09', 1),
(99, 46, 16, '這座飛機是真的很厲害，但是要潛到很深的地方才看的到', '2020-11-21 09:32:48', 1),
(100, 46, 13, '魚群風暴真的是很漂亮', '2020-11-21 09:35:07', 1),
(101, 4, 2, '我千拜託萬拜託的請多啦A夢帶我來這邊玩，因為小夫一直說堂哥帶他去潛水有多好玩，但我又不會游泳，結果後來有隻魚往我們這邊追，好可怕，我哭著叫多啦A夢救我，最後多啦A夢用縮小燈解救了我們。', '2020-11-21 09:36:59', 1),
(102, 13, 11, '這裡的景色跟我在澳洲潛水一樣美麗，整個心情都哈洽馬洽嗎~', '2020-11-21 09:41:56', 1),
(103, 48, 22, '這周天氣不錯，跟家人來一下好了', '2020-11-21 09:42:01', 1),
(104, 13, 5, '聽說這有很多海龜 好想拍照喔!! 哈洽馬洽嗎', '2020-11-21 09:43:14', 1),
(105, 48, 15, '上次有來過，很好玩唷!! 歡迎大家都來，這邊其實很適合全家大小來', '2020-11-21 09:44:05', 1),
(106, 25, 9, '跟小丑魚一起游泳真舒服~', '2020-11-21 09:44:43', 1),
(107, 48, 4, '等我升到aow 我也要來這邊潛水，好想來唷', '2020-11-21 09:45:07', 1),
(108, 25, 17, '希望身體趕快好起來，就能再來這裡玩', '2020-11-21 09:45:17', 1),
(109, 25, 11, '昨天在這吃海產被當成盤子，害我看到的美景都被壞了心情', '2020-11-21 09:46:01', 1),
(110, 49, 1, '只要你懂海。海就會幫助你', '2020-11-21 09:47:53', 1),
(111, 47, 16, '我的AOW證照就是在這裡考的，教練Amy很正很嚴格', '2020-11-21 09:49:33', 1),
(112, 49, 5, '沙魚450 軟絲850 花蟹750 小的450 再小一點350 大沙母850 海瓜子180 奶油貝250 生蠔180 木瓜螺350 小花龍1250 水姑娘1680 象蚌650', '2020-11-21 09:50:15', 1),
(113, 47, 18, '入水的小沙灘變乾淨了耶', '2020-11-21 09:50:57', 1),
(114, 49, 5, '我是東太平洋漁場時價分析師兼操盤手，海龍王彼得', '2020-11-21 09:51:39', 1),
(115, 49, 3, '只要你懂海，海就會幫助你', '2020-11-21 09:52:41', 1),
(116, 7, 4, '上禮拜我堂哥帶我來這邊玩，開遊艇，看到超多稀奇古怪的魚，真的非常好玩，你們這些凡夫俗人是不會懂的!!', '2020-11-21 09:53:33', 1),
(117, 47, 7, '希望大家去潛水的時候記得不要擦防曬乳，因為這些物質會傷害珊瑚', '2020-11-21 09:56:07', 1),
(118, 47, 14, '大概一兩個月一次吧？', '2020-11-21 09:58:11', 1),
(119, 47, 12, '出水口真的好美，水好乾淨', '2020-11-21 09:59:50', 1),
(120, 24, 14, 'konaqua~~潛水真開心', '2020-11-21 10:02:26', 1),
(121, 49, 11, '沙魚450~ 軟絲850\n花蟹750~小的450，再小一點350 ', '2020-11-21 10:03:21', 1),
(122, 49, 13, '：你知道黑鮪魚一尾要多少錢嗎？\n：下個月必漲30%', '2020-11-21 10:03:44', 1),
(123, 49, 12, '他明白～他明白～我給不起～～\n於是轉身向大海走去～', '2020-11-21 10:04:52', 1),
(124, 50, 14, '這裡海邊真的很棒很放鬆的地方', '2020-11-21 10:05:11', 1),
(126, 3, 2, '樓下好可憐，我沒有遇到這種事情，Billy教練超好的，非常推薦', '2020-11-21 11:45:55', 1),
(130, 57, 18, '去了N次小琉球，只見過布偶傑尼龜、吊飾！\n原來最價值的玩法是潛水，終於看到真傑尼龜了，下次去一定要嘗試，感謝分享。', '2020-11-22 09:26:15', 1),
(131, 57, 15, '看完後我有自己再回去潛水的衝動', '2020-11-22 09:26:59', 1),
(132, 57, 17, '看海龜悠遊海底世界真的很療癒耶！', '2020-11-22 09:27:59', 1),
(133, 57, 20, '很好的經驗，\n教練感覺很好～', '2020-11-22 09:28:59', 1),
(134, 57, 23, '勇於挑戰自己就是贏家，希望大家能愛護地球，不然以後的人就看不到漂亮的海底世界了！', '2020-11-22 09:30:12', 1),
(135, 57, 6, '建議可以去綠島潛水也很漂亮喔！海水更清澈', '2020-11-22 09:30:40', 1),
(136, 57, 3, '看完都想要去考潛水證照了，真的超美的！', '2020-11-22 09:31:26', 1),
(137, 57, 16, '我也是在小琉球考的潛水照，小琉球後面有個海灘，超多珊瑚，超漂亮', '2020-11-22 09:32:21', 1),
(140, 45, 7, '這裡好棒喔', '2020-11-22 10:26:06', 1),
(141, 58, 7, 'Billy教練超專業的，非常推薦', '2020-11-22 10:26:10', 1),
(142, 60, 3, '能問一下自由潛水 跟背氧氣筒下水的證照是一樣的嗎?', '2020-11-22 11:10:22', 1),
(143, 60, 17, '綠島蘭嶼能見度比較好，\n小琉球的優點是是海龜多＋一年四季都可以潛水，\n想看海龜可以來', '2020-11-22 11:11:44', 1),
(144, 60, 12, '哈哈 今天才在墾丁船潛而已 中午還算蠻溫暖的', '2020-11-22 11:13:00', 1),
(145, 60, 19, '可以問一下，下水有裝濾鏡嗎?想知道那個顏色是調出來的還是原本的顏色，因為我之前拍的時候更藍，謝謝', '2020-11-22 11:13:27', 1),
(146, 60, 15, '深潛會頭暈嗎？\n因為浮潛沒有10分鐘就頭暈想吐 .....', '2020-11-22 11:14:29', 1),
(147, 60, 16, '傑尼龜：劫你 劫你(不要碰海龜哦)', '2020-11-22 11:16:34', 1),
(148, 60, 7, '希望疫情過後可以出國潛水', '2020-11-22 11:17:50', 1),
(150, 62, 2, '天天想你保濕精華液 大容量 50ml預訂來囉！預購單的填單時間只到11/30 下週一中午12點，預計12月下旬到貨。\n還不快手刀前往訂購! https://forms.gle/NWY28Q4oJfhE4nAM8', '2020-11-22 13:08:26', 1),
(151, 63, 21, '水下世界這樣潛下去看真的超美的~', '2020-11-22 13:17:57', 1),
(152, 63, 20, '有證真好 不用被拖著跑', '2020-11-22 13:18:25', 1),
(153, 63, 22, '潛水執照？可以試試！溺水執照？很早之前就有了！還是高階的。', '2020-11-22 13:19:07', 1),
(154, 63, 18, '海龜 真的在睡覺耶  妳們跟海龜 打招呼 海龜沒反應 好像真的在睡覺', '2020-11-22 13:20:45', 1),
(155, 25, 7, 'amy教練很溫柔 找她玩體驗潛水就對了，那天我朋友跟大家都超開心的', '2020-11-22 13:31:59', 1),
(156, 64, 21, '因為我只有溺水執照，所以我都交給專業老師帶', '2020-11-22 13:44:49', 1),
(157, 64, 16, '請帶走自己的垃圾，如果可以，請帶走更多垃圾', '2020-11-22 13:51:58', 1),
(163, 20, 7, '那天amy教練對我真得超好得，我獲得了一份超級美妙的潛水經驗\n', '2020-11-22 15:54:06', 1),
(164, 61, 2, '減肥要有正確的方向和心態，檢視自己犯了幾樣? \n等到有一天過重說：「我什麼都沒有改變，為什麼突然變胖?」，那就是告訴你，你的身體已經無法負荷錯誤的飲食行為。\n歡迎訂閱「王醫師瘦身去」->>  https://www.facebook.com/groups/3180961948642812', '2020-11-22 15:54:07', 1),
(165, 61, 2, '從9月底到現在復胖了快4kg!(52→56)，到11月開始拉長斷食204以上到231的斷食時間變成一天一餐，體重卻在40.5∼42之間!\n歡迎到「王醫師瘦身去」來體驗專業諮詢', '2020-11-22 15:56:57', 1),
(167, 61, 7, '宵夜街來客旁電梯套房 #109/10/1始租\n◆【出租/轉讓/徵室友】：出租\n◆【套房/雅房/家庭式】：套房2F\n◆【有無電梯】：有\n◆【地點】：五興路331巷28-10號\n◆【租金】：45000/9個月 (5000元/月）公共電費 水費1800元/9個月\n電洽：劉小姐0933967874', '2020-11-22 15:59:30', 1),
(170, 62, 15, '哆啦A夢 電腦鍵盤長款滑鼠墊 \n預購價＄150\n材質： 橡膠防滑底＋佳積布\n尺寸：大約35公分×75公分\n包裝：每張捲起 套一個透明opp袋\n重量：500g\n電洽：0909123123', '2020-11-22 16:08:45', 1),
(172, 20, 11, '那天我來參加體驗潛水課程，amy教練對我真得超好得，我獲得了一份超級美妙的潛水經驗', '2020-11-22 19:24:24', 1),
(173, 20, 14, '這邊超美的，魚群又多，太美麗了', '2020-11-22 19:27:28', 1),
(174, 73, 11, '\n那天amy教練對我真得超好得，我獲得了一份超級美妙的潛水經驗', '2020-11-23 10:18:27', 1),
(175, 71, 11, '這裡超好玩的', '2020-11-23 10:18:30', 1);

-- --------------------------------------------------------

--
-- 資料表結構 `divehere`
--

DROP TABLE IF EXISTS `divehere`;
CREATE TABLE IF NOT EXISTS `divehere` (
  `diveHereNo` int(11) NOT NULL AUTO_INCREMENT COMMENT '踩點編號',
  `diveNo` int(11) NOT NULL COMMENT '潛點編號',
  `memNo` int(11) NOT NULL COMMENT '會員編號',
  PRIMARY KEY (`diveHereNo`) USING BTREE,
  KEY `diveNo` (`diveNo`) USING BTREE,
  KEY `memNo` (`memNo`) USING BTREE
) ENGINE=InnoDB AUTO_INCREMENT=244 DEFAULT CHARSET=utf8 ROW_FORMAT=DYNAMIC;

--
-- 資料表的匯出資料 `divehere`
--

INSERT INTO `divehere` (`diveHereNo`, `diveNo`, `memNo`) VALUES
(1, 2, 1),
(2, 2, 2),
(3, 2, 5),
(4, 23, 5),
(5, 19, 2),
(6, 7, 5),
(7, 21, 5),
(8, 12, 5),
(9, 13, 2),
(11, 7, 7),
(13, 6, 2),
(14, 15, 4),
(15, 18, 7),
(20, 6, 6),
(21, 6, 1),
(22, 7, 11),
(24, 4, 9),
(25, 3, 11),
(26, 5, 13),
(27, 3, 10),
(32, 4, 2),
(33, 5, 5),
(34, 6, 5),
(35, 7, 2),
(36, 9, 5),
(38, 8, 9),
(39, 9, 2),
(40, 10, 4),
(41, 11, 4),
(42, 9, 11),
(43, 6, 11),
(44, 13, 1),
(45, 14, 4),
(46, 15, 3),
(47, 16, 5),
(48, 2, 6),
(49, 17, 10),
(50, 18, 9),
(51, 19, 11),
(52, 20, 11),
(53, 2, 13),
(54, 21, 14),
(55, 22, 6),
(61, 18, 14),
(62, 1, 19),
(63, 12, 19),
(64, 4, 19),
(65, 5, 19),
(66, 5, 1),
(67, 3, 1),
(68, 4, 1),
(69, 8, 1),
(70, 9, 1),
(71, 8, 26),
(72, 18, 29),
(73, 23, 29),
(74, 1, 29),
(75, 23, 34),
(76, 4, 34),
(77, 9, 34),
(78, 15, 34),
(79, 5, 34),
(80, 14, 37),
(81, 15, 37),
(82, 17, 37),
(83, 6, 37),
(84, 7, 37),
(85, 2, 39),
(86, 6, 39),
(87, 4, 39),
(88, 17, 39),
(89, 19, 39),
(90, 18, 39),
(91, 1, 39),
(92, 8, 39),
(93, 9, 39),
(94, 9, 40),
(95, 2, 40),
(96, 19, 40),
(97, 17, 40),
(98, 20, 40),
(99, 21, 40),
(100, 22, 40),
(101, 6, 40),
(102, 12, 40),
(103, 6, 41),
(104, 10, 41),
(105, 22, 41),
(106, 20, 41),
(107, 23, 41),
(108, 18, 41),
(109, 15, 41),
(110, 8, 41),
(111, 6, 42),
(112, 1, 44),
(113, 1, 1),
(114, 22, 45),
(115, 2, 45),
(116, 21, 45),
(117, 11, 45),
(118, 12, 45),
(119, 3, 45),
(120, 1, 45),
(121, 6, 45),
(122, 9, 45),
(123, 13, 45),
(124, 15, 45),
(125, 16, 45),
(126, 2, 3),
(127, 2, 12),
(128, 2, 46),
(129, 3, 46),
(130, 5, 46),
(131, 16, 46),
(132, 4, 4),
(133, 2, 4),
(134, 1, 13),
(135, 5, 25),
(136, 15, 48),
(137, 9, 25),
(138, 2, 48),
(139, 11, 47),
(140, 16, 47),
(141, 18, 47),
(142, 8, 47),
(143, 7, 47),
(144, 4, 7),
(145, 22, 47),
(146, 14, 47),
(147, 12, 47),
(148, 4, 49),
(149, 2, 49),
(150, 3, 49),
(151, 1, 49),
(152, 5, 49),
(153, 5, 24),
(154, 1, 24),
(155, 2, 24),
(156, 4, 24),
(157, 3, 24),
(158, 8, 24),
(159, 7, 24),
(160, 6, 24),
(162, 12, 24),
(163, 14, 24),
(164, 14, 49),
(165, 11, 49),
(166, 6, 50),
(167, 4, 50),
(168, 13, 49),
(169, 1, 50),
(170, 3, 50),
(171, 12, 49),
(172, 2, 50),
(173, 14, 50),
(174, 6, 49),
(175, 8, 49),
(176, 2, 20),
(177, 18, 57),
(178, 15, 57),
(179, 17, 57),
(180, 20, 57),
(181, 23, 57),
(182, 6, 57),
(183, 3, 57),
(184, 16, 57),
(185, 1, 14),
(186, 7, 58),
(187, 7, 45),
(188, 3, 60),
(189, 1, 60),
(190, 17, 60),
(191, 6, 60),
(192, 9, 60),
(193, 12, 60),
(194, 19, 60),
(195, 15, 60),
(196, 16, 60),
(197, 7, 60),
(198, 3, 63),
(199, 1, 63),
(200, 17, 63),
(201, 2, 63),
(202, 18, 63),
(203, 21, 63),
(204, 20, 63),
(205, 22, 63),
(206, 15, 63),
(207, 14, 63),
(208, 6, 63),
(209, 7, 25),
(210, 3, 64),
(211, 5, 64),
(212, 1, 64),
(213, 18, 64),
(214, 12, 64),
(215, 9, 64),
(216, 21, 64),
(217, 22, 64),
(218, 16, 64),
(219, 6, 64),
(222, 11, 13),
(223, 11, 2),
(224, 11, 5),
(225, 11, 39),
(226, 11, 48),
(227, 11, 13),
(228, 11, 49),
(229, 11, 40),
(230, 11, 3),
(231, 11, 46),
(236, 1, 20),
(237, 11, 20),
(238, 7, 20),
(239, 13, 20),
(240, 12, 20),
(241, 14, 20),
(242, 11, 71),
(243, 11, 73);

-- --------------------------------------------------------

--
-- 資料表結構 `divespots`
--

DROP TABLE IF EXISTS `divespots`;
CREATE TABLE IF NOT EXISTS `divespots` (
  `diveNo` int(11) NOT NULL AUTO_INCREMENT COMMENT '潛點編號(潛域|潛點順序)',
  `diveAreaNo` int(11) NOT NULL COMMENT '潛點區域編號',
  `diveName` varchar(20) NOT NULL COMMENT '潛點名稱',
  `spotLongitude` varchar(20) NOT NULL COMMENT '潛點經度',
  `spotLatitude` varchar(20) NOT NULL COMMENT '潛點緯度',
  `description` varchar(300) NOT NULL COMMENT '潛點描述',
  `picture` varchar(200) NOT NULL COMMENT '潛點照片',
  `adminNo` int(11) NOT NULL COMMENT '管理員編號',
  `diveStatus` int(11) NOT NULL COMMENT '潛點狀態\r\n0:下架\r\n1:上架',
  PRIMARY KEY (`diveNo`) USING BTREE,
  KEY `diveAreaNo` (`diveAreaNo`) USING BTREE,
  KEY `adminNo` (`adminNo`) USING BTREE
) ENGINE=InnoDB AUTO_INCREMENT=24 DEFAULT CHARSET=utf8 ROW_FORMAT=DYNAMIC;

--
-- 資料表的匯出資料 `divespots`
--

INSERT INTO `divespots` (`diveNo`, `diveAreaNo`, `diveName`, `spotLongitude`, `spotLatitude`, `description`, `picture`, `adminNo`, `diveStatus`) VALUES
(1, 1, '海底教堂', '22.665828', '121.513254', '綠島有一座極為神聖的海底教堂，位於馬蹄橋與大白沙之間，因特殊地形，使得整體看起來像極了教堂的屋頂，在陽光照射，透進裂縫中的光線後，被潛水客們譽為是聖光，也有許多自由潛水勇者到此挑戰自身技巧，此綠島潛點的最大深度約為15米，也是推薦給稍有經驗的水肺潛水客的綠島水肺潛水潛點。這裡在整修', 'spotGiLittle-01.png', 1, 1),
(2, 1, '鋼鐵礁', '22.63917', '121.4873', '綠島鋼鐵礁是一座利用廢棄輪胎及鋼鐵架製作而成的人工魚礁，因有許多珊瑚附生，及眾多海洋生物棲息，而吸引眾多到綠島潛水的潛水客到此朝聖。', 'spotGiLittle-02.png', 1, 1),
(3, 1, '石朗大香菇', '22.65687', '121.47205', '這株團塊微孔珊瑚，屹立在綠島已經1000年了，它的基座位於18公尺深的沙質海底，底部砂質的厚度平均都在20~60公分左右，再下去是安山岩盤。', 'spotGiLittle-03.png', 1, 1),
(4, 1, '海底大峽谷', '22.69115', '121.49335', '位於公館港外海，有一座被譽為海底花園的海底大峽谷，最大的裂縫最寬達8公尺最小裂縫寬達3.5公尺，且裂縫深度深達25米，除了驚人的地形外，繽紛的海扇與軟珊瑚，搭配豐富的魚群生態，更讓人看得目不暇給。綠島海底大峽谷是綠島船潛的熱門潛點，最大深度可達35米，欲來到此處須特別注意保暖。', 'spotGiLittle-04.png', 1, 1),
(5, 1, '雞仔礁', '22.63889', '121.47948', '綠島雞仔礁是由一個獨立且超大型的珊瑚礁盤所組成的，因下水點附近突出岩石的形貌像極了雞頭而得名，礁岩上遍布各式的珊瑚與豐富的海洋生態，持續下潛還可看見被潛水客們喻為鱷魚嘴的奇特礁盤，此潛點有常態性的海流，且深度與地形變化較大，建議較有水肺潛水經驗後再來挑戰，最大深度可抵35米！', 'spotGiLittle-05.png', 1, 1),
(6, 2, '母雞岩', '22.084011', '121.552542', '位在蘭嶼北面的母雞岩是夏季浮潛大熱點，公路邊下水，離岸80M處下潛，約20M深，有許多的大礁石，上下落差大，地形變化豐富，深度可以到20米，還有一個小丑魚村莊值得一瞧。', 'spotLyLittle-01.png', 1, 1),
(7, 2, '八代灣沈船', '22.024684', '121.553088', '一艘6000噸的原木韓籍沉船（遠洋貨輪-堡疊號） ，沈落於約38M沙地上，沉船斷成兩截，由紅頭港駛出5分鐘可至，巨大船身成為海底生物家園，也成了蘭嶼最具代表性的國際級潛點。船頭到船尾200M約斷裂為三大段，最高處為船尾之船桅，深約21M原木散落於船的左側，半掩埋於沙中。船隻最高點船桅大約在20米，加上這裡的海流，是難度極高的潛點。', 'spotLyLittle-02.png', 1, 1),
(8, 2, '椰油斷層', '22.050551', '121.508991', '此區域多為礫石沙岸，有一定群聚數量的石珊瑚，因位於蘭嶼西南方，秋冬季節不易受到東北季風影響，海水狀況比較穩定，是體驗與教學的首選場地。有些地方因為地形落差大，也形成龐大的石珊瑚與軟珊瑚聚集，大多利用岸潛即可抵達，此處地形會突然從原本的緩坡變成陡降坡，可以看見明顯的海底斷層，落差甚大，須相當小心海流。', 'spotLyLittle-03.png', 1, 1),
(9, 2, '野營小峽谷', '22.039542', '121.570394', '此區域地形起伏大，有時在水下會呈現群山環繞的景緻。可以見到天然廊道地形，景色特別，非常推薦到此一遊，但此處皆為大深度，船家往往不會下錨，沒有繩索可以輔助，因此水中浮力的控制就非常重要。', 'spotLyLittle-04.png', 1, 1),
(10, 2, '四條溝', '22.008914', '121.568136', '位於蘭嶼南端，此區域海底多為砂質，水下地形比較簡單，危險性小，但易受西南氣流影響覆蓋珊瑚表面。地形會隨著離岸距離變遠而逐漸多樣化，這一帶屬於突出的峽角地形，夏天水流高達一至三節，岩壁轉彎處容易形成下降流跟上升流，潛水員一定要特別注意。', 'spotLyLittle-05.png', 1, 1),
(11, 3, '後壁湖', '21.950715', '120.752648', '初級潛點，約10-13米，也有許多人在這裡浮潛和潛水！這裡有三個小明星大家一定要來看「牛港鰺」！可以長到1.6公尺、接近一個小孩的體重約15公斤，可愛的牛港鰺在拍照的時候也會來搶鏡。天氣很好', 'spotKdLittle-01.png', 1, 1),
(12, 3, '出水口', '21.942156', '120.743819', '適合新手前往，最深約16米！附近是軟珊瑚區，剛下水就可以看到一大片軟珊瑚！8米左右就有一大片沙地囉。往外因有地下泉水的緣故，溫差會比較大！到這裡不到10米的位置就可以看到梭魚群、遠一點也有小丑魚谷，可以穿梭在漂亮的洞以及通道拍美照～', 'spotKdLittle-02.png', 1, 1),
(13, 3, '雙峰藍洞', '21.917951', '120.760481', '雙峰藍洞是10公尺長的洞穴，在小咾咕斷層旁的高級潛點，平均深度有15-28米，水流較大，新手不建議獨自前往唷！洞門口有一個大海扇，附近也有金花鱸魚和剝皮魚群可以觀看！', 'spotKdLittle-03.png', 1, 1),
(14, 3, '合界', '21.951068', '120.707374', '合界，建議船潛，如果要岸潛的話，可以在水面移動到位置再下潛。必來打卡的點是這裡水下32米只剩下船骨的沉船，因為長得很像肋骨，大家都稱之為「排骨」！下水點的兩邊都有公車站牌很好找～這裡最深有大約有34米，加上有時水流湍急、浪大，適合中高階的大家來參觀！船骨成了魚礁，也有豐富的生態可以觀看。', 'spotKdLittle-04.png', 1, 1),
(15, 4, '花瓶岩', '22.355686', '120.380882', '位於靈山寺前的花瓶岩為小琉球最為著名的地標，其形成原因為海岸珊瑚礁受地殼隆起影響所抬升，因中段長期受海水侵蝕而造就頭大身小的特殊形狀。', 'spotSrkLittle-01.png', 1, 1),
(16, 4, '美人洞', '22.353930', '120.373006', '美人洞為小琉球著名的風景區之一，位於琉球嶼的東北角，為鄉公所於民國四十六年時所闢建，主要以珊瑚礁岩所構成，沿途美景連連，約有二十餘處礁岩洞穴，包括有天外天、蝙蝠洞、一線天、望海亭及仙人洞等景點，草叢間還有臭鼬及玄鼠出沒，登上居高處還可遠眺海天一線的蔚藍景緻。', 'spotSrkLittle-02.png', 1, 1),
(17, 4, '衫福沉船', '22.340925', '120.361391', '初級潛點-位於衫福漁港外，沙地上的花園鰻，絕對會讓你驚豔在衫福漁港附近，一艘沉船躺在18米深的沙地上，船頂距離海面13米。由於此潛點靠近航道，請多注意。', 'spotSrkLittle-03.png', 1, 1),
(18, 4, '鎮海艦', '22.320296', '120.361734', '此為小琉球的高級潛點，位於小琉球南側海子口南側，平均深度 25 米，最大深度高達 35 米，是台灣現在投放最大的人工魚礁軍艦。此潛點海流非常混亂，需要由經驗老道的船長視當天海況來評估是否可以下潛。', 'spotSrkLittle-04.png', 1, 1),
(19, 4, '厚石礁群', '22.326142', '120.368053', '位於小琉球東南方位，厚石裙礁主要分布於琉球嶼東南沿海一帶，位於大福漁港與海子口之間綿延的礁岩即是。因受到海水侵蝕作用，裙礁呈現一條一條的海溝狀，若從空中往下看，就像小琉球穿上了一片一片的百摺裙，流向稍不穩定，是冬天躲避北浪的好地方。', 'spotSrkLittle-05.png', 1, 1),
(20, 5, '和美', '25.079859', '121.918926', '由和美國小右前方的九孔池邊入水，此潛點下水點深度有 3 ～ 5 Ｍ左右，漲退潮水位落差很大，因此上下岸須特別留意。海底是由巨大的礁岩以及鵝卵石所形成，魚類以鰈魚及條紋雀鯛為最大宗。在過去有 浮潛、 潛水員在此定點餵魚，曾帶動一段 浮潛、 潛水餵魚的風氣。此海域最大深度約 25 Ｍ左右。', 'spotEncLittle-01.png', 1, 1),
(21, 5, '龍洞', '25.099658', '121.922388', '龍洞灣公園游泳池外側，此潛點堪稱是北台灣 浮潛、 潛水活動的搖籃，最大深度約 24 Ｍ左右，是一個天然的避風海灣，海底景觀由不規則塊狀礁盤、平台及沙地等地形構成。魚類生態富變化，管口魚、角鰈、藍雀鯛、小丑魚等各式各樣熱帶魚都可在此見到。', 'spotEncLittle-02.png', 1, 1),
(22, 5, '潮境公園', '25.146029', '121.812666', '由八斗子過平浪橋走到盡頭，此處為過去的垃圾掩埋場，〝垃圾場潛點〞因而得名，現名為潮境公園。由掩埋場大門旁右側水泥梯下去，由於有將近 20 公尺 的落差，加上路面崎嶇不平，故行進須特別小心。此潛點最大深度約 25 Ｍ左右，由於上下潛點不易， 浮潛、 潛水員出入較少，海底還保留大量的軟珊瑚群， 因此有北部的海底秘密花園之稱。', 'spotEncLittle-03.png', 1, 1),
(23, 5, '鼻頭角', '25.129263', '121.923065', '鼻頭角漁港是個迷你的漁村，交通算是便利，不過在 浮潛、 潛水旺季時停車則成為一大問題。此潛點是東北角海岸風景管理處規劃的 浮潛、 潛水活動區，潛點旁設有公廁以及簡便裝備沖洗區域。此潛點最大深度約 25 Ｍ左右（接近航道），由於潛點位於航道旁，故 浮潛、 潛水時應避免接近航道。在 10 Ｍ內的水底有大量的海百合與小型熱帶魚。', 'spotEncLittle-04.png', 1, 1);

-- --------------------------------------------------------

--
-- 資料表結構 `favorite`
--

DROP TABLE IF EXISTS `favorite`;
CREATE TABLE IF NOT EXISTS `favorite` (
  `favoriteNo` int(11) NOT NULL AUTO_INCREMENT COMMENT '收藏列表編號',
  `memNo` int(11) NOT NULL COMMENT '會員編號',
  `itemNo` int(11) NOT NULL COMMENT '商品編號',
  `likeDate` timestamp NOT NULL DEFAULT CURRENT_TIMESTAMP COMMENT '收藏時間now()',
  PRIMARY KEY (`favoriteNo`) USING BTREE,
  KEY `memNo` (`memNo`) USING BTREE,
  KEY `itemNo` (`itemNo`) USING BTREE
) ENGINE=InnoDB AUTO_INCREMENT=89 DEFAULT CHARSET=utf8 ROW_FORMAT=DYNAMIC;

--
-- 資料表的匯出資料 `favorite`
--

INSERT INTO `favorite` (`favoriteNo`, `memNo`, `itemNo`, `likeDate`) VALUES
(5, 1, 11, '2020-11-18 11:44:21'),
(11, 1, 4, '2020-11-18 12:22:35'),
(13, 1, 6, '2020-11-18 12:22:39'),
(16, 13, 4, '2020-11-18 12:23:13'),
(26, 14, 2, '2020-11-19 05:41:03'),
(27, 14, 1, '2020-11-19 05:41:04'),
(29, 14, 3, '2020-11-19 05:43:40'),
(30, 13, 7, '2020-11-19 05:58:22'),
(34, 13, 1, '2020-11-19 11:02:21'),
(36, 13, 12, '2020-11-19 11:02:26'),
(37, 13, 16, '2020-11-19 11:02:27'),
(38, 13, 9, '2020-11-19 11:02:29'),
(39, 13, 14, '2020-11-19 11:02:30'),
(40, 19, 4, '2020-11-19 12:41:52'),
(41, 19, 7, '2020-11-19 12:41:53'),
(42, 19, 10, '2020-11-19 12:41:54'),
(43, 19, 13, '2020-11-19 12:41:54'),
(44, 19, 5, '2020-11-20 06:07:01'),
(45, 26, 3, '2020-11-20 09:10:48'),
(46, 26, 6, '2020-11-20 09:10:49'),
(47, 26, 1, '2020-11-20 09:10:49'),
(48, 26, 10, '2020-11-20 09:10:50'),
(49, 26, 16, '2020-11-20 09:10:51'),
(50, 44, 3, '2020-11-20 10:04:26'),
(51, 44, 4, '2020-11-20 10:04:27'),
(54, 49, 2, '2020-11-21 01:07:55'),
(55, 49, 3, '2020-11-21 01:07:57'),
(56, 49, 14, '2020-11-21 01:08:10'),
(57, 49, 11, '2020-11-21 01:08:11'),
(59, 3, 2, '2020-11-21 03:18:38'),
(60, 3, 8, '2020-11-21 03:18:42'),
(61, 20, 6, '2020-11-21 12:46:19'),
(62, 45, 1, '2020-11-22 01:26:12'),
(63, 58, 1, '2020-11-22 01:26:13'),
(67, 58, 13, '2020-11-22 01:45:40'),
(68, 45, 13, '2020-11-22 01:45:43'),
(69, 25, 2, '2020-11-22 04:25:17'),
(70, 25, 7, '2020-11-22 04:25:18'),
(71, 25, 9, '2020-11-22 04:25:19'),
(72, 25, 16, '2020-11-22 04:25:20'),
(83, 71, 1, '2020-11-23 01:25:35'),
(84, 73, 1, '2020-11-23 01:25:36'),
(87, 71, 6, '2020-11-23 01:35:20'),
(88, 73, 6, '2020-11-23 01:35:21');

-- --------------------------------------------------------

--
-- 資料表結構 `game`
--

DROP TABLE IF EXISTS `game`;
CREATE TABLE IF NOT EXISTS `game` (
  `score` int(11) NOT NULL AUTO_INCREMENT COMMENT '遊戲記錄編號',
  `playDay` timestamp NOT NULL DEFAULT CURRENT_TIMESTAMP COMMENT '遊戲日期 now()',
  `points` int(11) NOT NULL COMMENT '紅利點數',
  `memNo` int(11) NOT NULL COMMENT '會員編號',
  PRIMARY KEY (`score`) USING BTREE,
  KEY `memNo` (`memNo`) USING BTREE
) ENGINE=InnoDB DEFAULT CHARSET=utf8 ROW_FORMAT=DYNAMIC;

-- --------------------------------------------------------

--
-- 資料表結構 `item`
--

DROP TABLE IF EXISTS `item`;
CREATE TABLE IF NOT EXISTS `item` (
  `itemNo` int(11) NOT NULL AUTO_INCREMENT COMMENT '商品編號',
  `itemName` varchar(20) NOT NULL COMMENT '商品名稱',
  `itemImg` varchar(200) NOT NULL COMMENT '商品圖片',
  `itemKind` varchar(20) NOT NULL COMMENT '商品種類',
  `itemPrice` int(11) NOT NULL COMMENT '商品價格',
  `itemStatus` int(11) NOT NULL DEFAULT '1' COMMENT '上下架狀態1:上架 0:未上架',
  `itemDescription` varchar(300) NOT NULL COMMENT '商品說明',
  `itemId` varchar(5) NOT NULL,
  PRIMARY KEY (`itemNo`) USING BTREE
) ENGINE=InnoDB AUTO_INCREMENT=17 DEFAULT CHARSET=utf8 ROW_FORMAT=DYNAMIC;

--
-- 資料表的匯出資料 `item`
--

INSERT INTO `item` (`itemNo`, `itemName`, `itemImg`, `itemKind`, `itemPrice`, `itemStatus`, `itemDescription`, `itemId`) VALUES
(1, '水中看得清2.0', 'mask1@2x.png', '面鏡', 8000, 1, '水中看得清顧名思義就是水中看的很清楚，就算在海裡也好像視力2.0一般，只要戴上它沒有什麼是看不見的，買就對了!', 'A0001'),
(2, '水中看得見', 'mask2@2x.png', '面鏡', 6600, 1, '水中看的見顧名思義就是剛好看的見，只要戴上它就可以輕鬆瀏覽海底世界不受影響，你還在等什麼，快來買!', 'A0002'),
(3, '水中看得到', 'mask3@2x.png', '面鏡', 2150, 1, '水中看得到顧名思義就是看的到而已，如果用這個等級的面鏡，可能只能看到周遭範圍，如果想看清楚一點建議買更貴的。', 'A0003'),
(4, '眼睛進水啦', 'mask4@2x.png', '面鏡', 1290, 1, '這個面鏡因為價格不高的關係，常常會讓海水跑進面鏡裡，真心建議直上8700元的水中看得清。', 'A0004'),
(5, '永久指針', 'watch1@2x.png', '潛水錶', 8700, 1, '配戴此錶保證完美記錄最大深度、殘氮值、安全停留等你所想要的一切數據，並且附帶指南針功能!', 'B0001'),
(6, '紀錄指針', 'watch2@2x.png', '潛水錶', 6600, 1, '紀錄指針可以記錄這片海域的地形，讓你在偉大的航道潛水也不用擔心。', 'B0002'),
(7, '磁石指針', 'watch3@2x.png', '潛水錶', 2150, 1, '磁石指針是第一款利用磁石設計出來的潛水錶，他的特別之處也只有這樣。', 'B0003'),
(8, '迷路指針', 'watch4@2x.png', '潛水錶', 1290, 1, '使用這麼廉價的潛水錶你放心下海嗎?小心找不到回家的路哦，建議直上8700元的永久指針。', 'B0004'),
(9, '紅色工作手套', 'gloves1@2x.png', '手套', 8700, 1, '這個手套可以衝五捲、力量+1，且在海裡時可以防止你的手被礁岩割傷，不論實用性還是美觀都是一等一的!', 'C0001'),
(10, '藍色工作手套', 'gloves2@2x.png', '手套', 6600, 1, '這個手套也可以衝五捲、敏捷+1，讓你在海裡時手感覺像沒帶著手套一樣輕巧。', 'C0002'),
(11, '綠色工作手套', 'gloves3@2x.png', '手套', 2150, 1, '本店獨家特賣，外面都找不到的綠色工作手套，戴上保證在海裡回頭率100%。', 'C0003'),
(12, '楓葉手套', 'gloves4@2x.png', '手套', 1290, 1, '名字帶有楓葉的裝備絕對是噱頭，而且帶在身上會被盜，建議直上8700元的紅色工作手套。', 'C0004'),
(13, '神速蛙鞋', 'frogshoes1@2x.png', '蛙鞋', 8700, 1, '穿上神速蛙鞋好像自己腳上裝了推進器一樣，游起來絲毫不費力，變相幫你省氧氣，一定要買一雙來試試看!', 'D0001'),
(14, '噴射蛙鞋', 'frogshoes2@2x.png', '蛙鞋', 6600, 1, '只要輕輕一踏，就能像菲爾普斯一樣瞬間衝出去，絕對是下海必備的神兵利器!', 'D0002'),
(15, '推進蛙鞋', 'frogshoes3@2x.png', '蛙鞋', 2150, 1, '適合新手穿戴的一件裝備，在海中移動可以有效的節省力量，許多初學者會優先購買的蛙鞋。', 'D0003'),
(16, '游的真慢', 'frogshoes4@2x.png', '蛙鞋', 1290, 1, '此裝備因沒有明顯推力，容易造成新手在海裡停滯不前，是高手用來享受海底世界穿的，新手建議直上8700元的神速蛙鞋。', 'D0004');

-- --------------------------------------------------------

--
-- 資料表結構 `itemorder`
--

DROP TABLE IF EXISTS `itemorder`;
CREATE TABLE IF NOT EXISTS `itemorder` (
  `orderNo` int(11) NOT NULL AUTO_INCREMENT COMMENT '訂單編號',
  `memNo` int(11) NOT NULL COMMENT '會員編號',
  `orderDate` timestamp NOT NULL DEFAULT CURRENT_TIMESTAMP COMMENT '訂單成立時間now()',
  `orderTotal` int(11) NOT NULL COMMENT '訂單總金額',
  `coursePrice` int(11) NOT NULL COMMENT '訂單付款狀態\r\n1:已付款0:未付款 2:已取消',
  `usePoint` int(11) NOT NULL COMMENT '使用紅利點數',
  `creditNum` char(16) NOT NULL COMMENT '信用卡卡號',
  `orderName` varchar(20) NOT NULL COMMENT '收件人姓名',
  `orderTel` varchar(10) NOT NULL COMMENT '收件人電話',
  `orderAddress` varchar(50) NOT NULL COMMENT '收件人地址',
  PRIMARY KEY (`orderNo`) USING BTREE,
  KEY `memNo` (`memNo`) USING BTREE
) ENGINE=InnoDB AUTO_INCREMENT=22 DEFAULT CHARSET=utf8 ROW_FORMAT=DYNAMIC;

--
-- 資料表的匯出資料 `itemorder`
--

INSERT INTO `itemorder` (`orderNo`, `memNo`, `orderDate`, `orderTotal`, `coursePrice`, `usePoint`, `creditNum`, `orderName`, `orderTel`, `orderAddress`) VALUES
(1, 1, '2020-10-31 13:23:50', 1290, 1, 0, '4561254678961654', '許佳惠', '0987654321', '中央大學資策會ED103最後一排中間'),
(2, 2, '2020-11-01 13:25:51', 19980, 1, 0, '6547987821564681', '黃致穎', '0987878787', '中央大學資策會ED103邊邊第二個'),
(3, 3, '2020-11-19 02:27:57', 0, 1, 10, '9999', '多啦美', '0987654321', '22 Century'),
(4, 3, '2020-11-19 02:28:10', 0, 1, 10, '9999', '多啦美', '0987654321', '22 Century'),
(5, 3, '2020-11-19 02:30:10', 0, 1, 10, '11357', '多啦美', '0987654321', '22 Century'),
(6, 3, '2020-11-19 02:32:06', 0, 1, 10, '11357', '多啦美', '0987654321', '22 Century'),
(7, 3, '2020-11-19 02:32:23', 0, 1, 10, '12333', '多啦美', '0987654321', '22 Century'),
(8, 3, '2020-11-19 02:51:02', 25809, 1, 11, '1234567890121314', '多啦美', '0912345678', '22 Century DoHome'),
(9, 3, '2020-11-20 01:58:56', 19650, 1, 5, '1234234512311231', '多啦美', '0987654321', '21 Century'),
(10, 19, '2020-11-20 06:07:38', 7783, 1, 967, '1111111111111111', 'pekora', '0912345678', '中央大學'),
(11, 3, '2020-11-20 10:47:14', 8700, 1, 50, '1234578475747578', '多拉美', '0975121212', '22世紀'),
(12, 3, '2020-11-21 02:45:54', 21942, 1, 8, '1234123412341234', '多拉美', '0912345678', '中央大學'),
(13, 58, '2020-11-22 01:33:50', 14850, 1, 500, '', '塊元素', '+', ''),
(14, 58, '2020-11-22 01:35:04', 15336, 1, 14, '1452452447574245', '快元素', '0985421226', '中央大學'),
(15, 45, '2020-11-22 01:35:09', 15345, 1, 5, '1234123412341234', '塊元素', '098641226', '中央大學'),
(20, 73, '2020-11-23 01:30:17', 28460, 1, 40, '2534226326432433', '徐文采', '0998227730', '中央大學資策會1樓'),
(21, 71, '2020-11-23 01:30:24', 28100, 1, 400, '1424757542457574', '水行俠', '0912123456', 'Aqua Wonderland');

-- --------------------------------------------------------

--
-- 資料表結構 `itemorderlist`
--

DROP TABLE IF EXISTS `itemorderlist`;
CREATE TABLE IF NOT EXISTS `itemorderlist` (
  `listNo` int(11) NOT NULL AUTO_INCREMENT COMMENT '訂單明細編號',
  `orderNo` int(11) NOT NULL COMMENT '訂單編號',
  `itemNo` int(11) NOT NULL COMMENT '商品編號',
  `orderNumber` int(11) NOT NULL COMMENT '訂購數量',
  `itemPrice` int(11) NOT NULL COMMENT '商品金額',
  PRIMARY KEY (`listNo`) USING BTREE,
  KEY `orderNo` (`orderNo`) USING BTREE,
  KEY `itemNo` (`itemNo`) USING BTREE
) ENGINE=InnoDB AUTO_INCREMENT=4 DEFAULT CHARSET=utf8 ROW_FORMAT=DYNAMIC;

--
-- 資料表的匯出資料 `itemorderlist`
--

INSERT INTO `itemorderlist` (`listNo`, `orderNo`, `itemNo`, `orderNumber`, `itemPrice`) VALUES
(1, 1, 16, 1, 1290),
(2, 2, 16, 2, 2580),
(3, 2, 1, 2, 17400);

-- --------------------------------------------------------

--
-- 資料表結構 `licensereview`
--

DROP TABLE IF EXISTS `licensereview`;
CREATE TABLE IF NOT EXISTS `licensereview` (
  `licenseReviewNo` int(11) NOT NULL AUTO_INCREMENT COMMENT '證照審查編號',
  `memNo` int(11) NOT NULL COMMENT '會員編號',
  `licenseNo` int(11) NOT NULL COMMENT '證照類別編號1:OW   2:AOW',
  `licenseNumber` varchar(20) NOT NULL COMMENT '證照字號',
  `licenseReviewStatus` int(11) NOT NULL DEFAULT '0' COMMENT '審查狀態0:資料待審核 1:審核通過 2:審核未通過',
  PRIMARY KEY (`licenseReviewNo`) USING BTREE,
  KEY `memNo` (`memNo`) USING BTREE
) ENGINE=InnoDB AUTO_INCREMENT=17 DEFAULT CHARSET=utf8 ROW_FORMAT=DYNAMIC;

--
-- 資料表的匯出資料 `licensereview`
--

INSERT INTO `licensereview` (`licenseReviewNo`, `memNo`, `licenseNo`, `licenseNumber`, `licenseReviewStatus`) VALUES
(3, 1, 1, 'a12321321', 0),
(5, 1, 1, '12321', 0),
(14, 73, 1, 'OW992', 0),
(16, 73, 2, 'AOW9928', 0);

-- --------------------------------------------------------

--
-- 資料表結構 `licensetype`
--

DROP TABLE IF EXISTS `licensetype`;
CREATE TABLE IF NOT EXISTS `licensetype` (
  `licenseNo` int(11) NOT NULL AUTO_INCREMENT COMMENT '證照類別編號',
  `licenseName` char(50) NOT NULL COMMENT '證照名稱',
  PRIMARY KEY (`licenseNo`) USING BTREE
) ENGINE=InnoDB AUTO_INCREMENT=3 DEFAULT CHARSET=utf8 ROW_FORMAT=DYNAMIC;

--
-- 資料表的匯出資料 `licensetype`
--

INSERT INTO `licensetype` (`licenseNo`, `licenseName`) VALUES
(1, 'OW'),
(2, 'AOW');

-- --------------------------------------------------------

--
-- 資料表結構 `member`
--

DROP TABLE IF EXISTS `member`;
CREATE TABLE IF NOT EXISTS `member` (
  `memNo` int(11) NOT NULL AUTO_INCREMENT COMMENT '會員編號',
  `memId` varchar(20) NOT NULL COMMENT '會員帳號',
  `memPsw` varchar(20) NOT NULL COMMENT '會員密碼',
  `memName` varchar(20) NOT NULL COMMENT '會員名稱',
  `memMail` varchar(50) NOT NULL COMMENT 'E-MAIL',
  `memAvatar` varchar(25) DEFAULT 'memDefault.png' COMMENT '會員頭像',
  `memGamePoint` int(11) DEFAULT '0' COMMENT '遊戲分數',
  `points` int(11) DEFAULT '0' COMMENT '紅利點數',
  `memGamePicture` varchar(20) DEFAULT NULL COMMENT '只存最高分的角色圖',
  `licenseOw` varchar(20) DEFAULT NULL COMMENT 'OW證照字號',
  `licenseAow` varchar(20) DEFAULT NULL COMMENT 'AOW證照字號',
  `memStatus` int(11) NOT NULL DEFAULT '1' COMMENT '會員狀態\r\n0:停權 \r\n1:未停權 ',
  PRIMARY KEY (`memNo`) USING BTREE
) ENGINE=InnoDB AUTO_INCREMENT=75 DEFAULT CHARSET=utf8 ROW_FORMAT=DYNAMIC;

--
-- 資料表的匯出資料 `member`
--

INSERT INTO `member` (`memNo`, `memId`, `memPsw`, `memName`, `memMail`, `memAvatar`, `memGamePoint`, `points`, `memGamePicture`, `licenseOw`, `licenseAow`, `memStatus`) VALUES
(1, 'testg2', '2222', '源靜香', 'sara@gmail.com', 'testg2.jpg', 90, 90, 'testg2.jpg', '審查未通過', NULL, 0),
(2, 'testg22', 'testg22', '澈士二', 'testg22@gmail.com', 'testg22.jpg', 983, 983, 'testg22.jpg', NULL, NULL, 0),
(3, 'dorami', 'dorami', '多啦美', 'doramitest@gmail.com', 'dorami.png', 177, 177, 'null', NULL, NULL, 1),
(4, 'nobita', 'nobita', '野比大雄', 'nobitatest@gmail.com', 'nobita.png', 25, 0, NULL, NULL, NULL, 1),
(5, 'suizuka', 'suizuka', '源靜香', 'suizukatest@gmail.com', 'suizukaNor.png', 0, 0, NULL, NULL, NULL, 1),
(6, 'gian', 'gian', '岡田虎', 'giantest@gmail.com', 'gian.png', 10, 10, NULL, NULL, NULL, 1),
(7, 'suneo', 'suneo', '谷川小夫', 'suneotest@gmai.com', 'suneo.png', 42, 0, NULL, NULL, NULL, 1),
(8, 'nobitaMom', 'nobitaMom', '野比他媽', 'nobitaMomtest@gmai.com', 'nobitaMom.png', 0, 0, NULL, NULL, NULL, 1),
(9, 'jaiko', 'jaiko', '小珠', 'jaikotest@gmai.com', 'jaiko.png', 0, 0, NULL, NULL, NULL, 1),
(10, 'dekisugi', 'dekisugi', '出木杉英才', 'dekisugitest@gmai.com', 'dekisugi.png', 0, 0, NULL, NULL, NULL, 1),
(11, 'nobiTeacher', 'nobiTeacher', '野比老師', 'nobiTeachertest@gmai.com', 'teacher.png', 0, 0, NULL, NULL, NULL, 1),
(12, 'doraemon', 'doraemon', '多啦A夢', 'doraemontest@gmai.com', 'doraemon.png', 0, 0, NULL, NULL, NULL, 1),
(13, 'Haachama', 'pekopeko', '哈洽馬', 'wood830919@gmail.com', '13-haachama.jpg', 1545, 1545, NULL, NULL, NULL, 1),
(14, 'Sam', 'samsam', '游海中', 'swimocean@gmail.com', '14-小叮噹.jpg', 448, 448, NULL, NULL, NULL, 1),
(17, 'SQQQ', 'SQQQ', 'SQ', 'SQ@gmail.com', '17-shin0413.jpg', 220, 220, NULL, NULL, NULL, 1),
(18, 'gura', 'gura', 'shark', 's@gmail.com', '18-gura.jpg', 1296, 1296, NULL, NULL, NULL, 1),
(19, 'pekopeko', 'pekopeko', 'pekora', 'p@gmail.com', '19-pekora.png', 1346, 1346, NULL, NULL, NULL, 1),
(20, 'coco', 'coco', 'coco', 'coco@gmail.com', '20-IMG_3509.JPG', 0, 0, NULL, 'a12345', '審查未通過', 1),
(21, 'wu', '3754', '吳君友', 'jimmyffsu123@gmail.com', 'memDefault.png', 767, 767, NULL, NULL, NULL, 1),
(22, 'wu1', '3754', '凱法哲', 'creater@gmail.com', 'memDefault.png', 0, 0, NULL, NULL, NULL, 1),
(23, 'wu3', '3754', '凱法哲', 'gmail.com', 'memDefault.png', 749, 749, NULL, NULL, NULL, 1),
(24, 'konaqua', 'konaqua', 'aqua', 'a@gmail.com', '24-Ei13yKWU0AAPFk_.jpg', 1148, 1148, NULL, NULL, NULL, 1),
(25, 'konrushi', 'konrushi', 'rushia', 'R@gmail.com', '25-unnamed.jpg', 994, 994, NULL, NULL, NULL, 1),
(26, 'marin', 'marin', 'marin', 'm@gmail.com', '26-unnamed (1).jpg', 81, 81, NULL, NULL, NULL, 1),
(27, 'wu5', '3754', '阿凱', '3@gmail.com', 'memDefault.png', 86, 86, NULL, NULL, NULL, 1),
(28, 'wu 6', '3754', 'wu', 'wu@gmail.com', 'memDefault.png', 0, 0, NULL, NULL, NULL, 1),
(29, 'wu8', '3754', 'wu', 'w@gmail.com', '29-g5fWe6Oh.jpg', 97, 97, NULL, NULL, NULL, 1),
(30, 'wu10', '3754', '寫不出來', 'a@gmail.com', 'memDefault.png', 11, 11, NULL, NULL, NULL, 1),
(31, 'shinkai', 'shinkai', 'shinkai', 'S@gmail.com', '31-EQyzX6EUwAAv5AV.png', 344, 344, NULL, NULL, NULL, 1),
(32, 'midosuji', 'midosuji', 'midosuji', 'm@gmail.com', '32-midosuji.jpg', 765, 765, NULL, NULL, NULL, 1),
(33, 'lian', 'lian', 'lian', 'L@gmail.com', '33-wdoK5f38_400x400.jpg', 0, 0, NULL, NULL, NULL, 1),
(34, 'wu11', '3754', '趙家豪', 'a@gmail.com', '34-member5.png', 0, 0, NULL, NULL, NULL, 1),
(35, 'clown', 'clown', 'clown', 'c@gmail.com', '35-小丑.jpg', 0, 0, NULL, NULL, NULL, 1),
(36, 'gash', 'gash', 'gash', 'gash@gmail.com', '36-125346468.jpg', 0, 0, NULL, NULL, NULL, 1),
(37, 'wu12', '3754', '馬鈴淑', 'horse@gmail.com', '37-member18.png', 10, 10, NULL, NULL, NULL, 1),
(38, 'emiya', 'emiya', '人被殺就會死', 'emiya@gmail.com', '38-456574896.jpg', 813, 813, NULL, NULL, NULL, 1),
(39, 'wu14', '3754', '曾桃燕', '', '39-unnamed.jpg', 77, 77, NULL, NULL, NULL, 1),
(40, 'wu15', '3754', '周建宏', '2@gmail.com', 'memDefault.png', 0, 0, NULL, NULL, NULL, 1),
(41, 'wu16', '3754', '史珍香', 'poop@gmail.com', '41-下載.jpeg', 716, 716, NULL, NULL, NULL, 1),
(42, 'wu17', '3754', '蔣宥廷', '17@gmail.com', 'memDefault.png', 67, 67, NULL, NULL, NULL, 1),
(43, 'wu19', '3754', '道通藏隱', 'hacker@gmail.com', 'memDefault.png', 85, 85, NULL, NULL, NULL, 1),
(44, 'arakita', 'arakita', 'arakita', 'arakita@gmail.com', 'memDefault.png', 192, 192, NULL, NULL, NULL, 1),
(45, 'wu20', '3754', '尤詠慈', 'swimPool@gmail.com', '45-IMG_1843-1.jpg', 8, 3, NULL, NULL, NULL, 1),
(46, 'cocoaaa', 'cocoaaa', '可警', 'cocoaaa@gmail.com', 'memDefault.png', 0, 0, NULL, NULL, NULL, 1),
(47, 'wu21', '3754', '陽安煦', 'a@gmail.com', 'member28.png', 0, 0, NULL, NULL, NULL, 1),
(48, 'chuchu', 'chuchu', '竹竹', 'chuchu@gmail.com', 'memDefault.png', 0, 0, NULL, NULL, NULL, 1),
(49, 'peter', 'peter', 'peter', 'peter@gmail.com', '49-9Ft7mlwc_400x400.jpg', 0, 0, NULL, NULL, NULL, 1),
(50, 'wu22', '3754', '張德凱', 'd@gmail.com', '50-member16.png', 0, 0, NULL, NULL, NULL, 1),
(57, 'wu28', '3754', '連加恩', 'wu@gmail.com', '57-カスミアジ.jpg', 0, 0, NULL, NULL, NULL, 1),
(58, 'diaplayblock', 'diaplayblock', '塊元素', 'diaplayblock@gmail.com', '58-mask_Dora.jpg', 514, 0, NULL, NULL, NULL, 1),
(59, 'divpan', '3754', 'div', 'div@gmail.com', 'memDefault.png', 0, 0, NULL, NULL, NULL, 1),
(60, 'wu30', '3754', '張文亮', 'books@gmail.com', '60-きんぎょ.jpg', 0, 0, NULL, NULL, NULL, 1),
(61, 'ladyA', 'ladyA', '小A辣', 'ladyA@gmail.com', 'memDefault.png', 0, 0, NULL, NULL, NULL, 1),
(62, 'ladyB', 'ladyB', '小B辣', 'ladyB@gmail.com', 'memDefault.png', 0, 0, NULL, NULL, NULL, 1),
(63, 'wu32', '3754', '游千佑', 'jimmy@gmail.com', '63-▼更紗琉金２歳（国産）（３匹）.jpg', 0, 0, NULL, NULL, NULL, 1),
(64, 'wu36', '3754', '張易煣', '3@gmail.com', '64-The Diver.jpg', 0, 0, NULL, NULL, NULL, 1),
(69, '5j65j6', '5j65j6', '5j65j6', '5j65j6@gmail.com', 'memDefault.png', 323, 323, NULL, NULL, NULL, 1),
(70, 'Ddd0916', '123456', '', '', 'memDefault.png', 0, 0, NULL, NULL, NULL, 1),
(71, 'aquaman', 'manaqua', '水行俠', 'aquaMan@gmail.com', '71-member8.png', 474, 74, NULL, 'OW0003', '審查未通過', 1),
(72, 'Ddd0917', '12345', '', '', 'memDefault.png', 0, 0, NULL, NULL, NULL, 1),
(73, 'mrDemo', 'mrdemo', 'mrDemo', 'mrdemo@gmail.com', '73-member16.png', 47, 7, NULL, '審查中', '審查中', 1),
(74, 'Rrrr', '12345', '', '', 'memDefault.png', 0, 0, NULL, NULL, NULL, 1);

-- --------------------------------------------------------

--
-- 資料表結構 `personalcourseorder`
--

DROP TABLE IF EXISTS `personalcourseorder`;
CREATE TABLE IF NOT EXISTS `personalcourseorder` (
  `courseOrderNo` int(11) NOT NULL AUTO_INCREMENT COMMENT '課程訂單編號',
  `memNo` int(11) NOT NULL COMMENT '會員編號',
  `classNo` int(11) NOT NULL COMMENT '班級編號',
  `trainerScore` int(11) DEFAULT '0' COMMENT '教練評分',
  `passed` int(11) DEFAULT '0' COMMENT '課程通過狀態。1通過、2未通過',
  `registerDate` date NOT NULL COMMENT '訂單下訂日期',
  `email` varchar(200) NOT NULL,
  `note` varchar(500) NOT NULL,
  `memName` varchar(50) NOT NULL,
  PRIMARY KEY (`courseOrderNo`) USING BTREE,
  KEY `memNo` (`memNo`) USING BTREE,
  KEY `FK_personalcourseorder_class` (`classNo`)
) ENGINE=InnoDB AUTO_INCREMENT=96 DEFAULT CHARSET=utf8 ROW_FORMAT=DYNAMIC;

--
-- 資料表的匯出資料 `personalcourseorder`
--

INSERT INTO `personalcourseorder` (`courseOrderNo`, `memNo`, `classNo`, `trainerScore`, `passed`, `registerDate`, `email`, `note`, `memName`) VALUES
(40, 6, 41, 4, 0, '2020-11-21', 'giantest@gmail.com', '超級期待的!!!!', '岡田虎'),
(41, 6, 15, 4, 0, '2020-11-21', 'giantest@gmail.com', '上次來過超好玩的。', '岡田虎'),
(42, 6, 34, 3, 0, '2020-11-21', 'giantest@gmail.com', '海底有教堂? 第一次知道!', '岡田虎'),
(43, 5, 4, 0, 1, '2020-11-21', 'suizukatest@gmail.com', '希望教練手下留情', '源靜香'),
(44, 3, 33, 3, 0, '2020-11-21', 'doramitest@gmail.com', '我是新手，不會游泳 yoyo希望教練可以耐心的教我', '多啦美'),
(47, 13, 34, 0, 0, '2020-11-22', 'wood830919@gmail.com', 'I want to dive!!!!', '哈洽馬'),
(48, 19, 33, 0, 0, '2020-11-22', 'p@gmail.com', 'pekopeko', 'pekora'),
(49, 6, 32, 3, 0, '2020-11-22', 'giantest@gmail.com', '請問會準備比較大號的潛水衣嗎~', '岡田虎'),
(50, 17, 18, 0, 0, '2020-11-22', 'SQ@gmail.com', '潛水完要不要一起喝星巴克', 'SQ'),
(51, 17, 2, 5, 1, '2020-11-22', 'SQ@gmail.com', '若臨時無法下水可以退費嗎', 'SQ'),
(52, 11, 2, 5, 1, '2020-11-22', 'nobiTeachertest@gmai.com', '這次潛水完後要回去班上跟大家分享過程，如果好的話會帶班級來體驗潛水，可以多送我一點裝備嗎?', '野比老師'),
(53, 10, 2, 5, 2, '2020-11-22', 'dekisugitest@gmai.com', '完課後會有好棒棒徽章嗎', '出木杉英才'),
(54, 10, 32, 3, 0, '2020-11-22', 'dekisugitest@gmai.com', '體驗完之後，可以請老師幫我蓋好棒棒印章嗎', '出木杉英才'),
(55, 8, 32, 3, 0, '2020-11-22', 'nobitaMomtest@gmai.com', '終於不用在家帶小孩，要到海底去流浪了', '野比他媽'),
(56, 8, 10, 4, 0, '2020-11-22', 'nobitaMomtest@gmai.com', '綠島海龜真的很可愛~', '野比他媽'),
(57, 58, 46, 0, 0, '2020-11-22', 'diaplayblock@gmail.com', '教練好，我不會游泳，請耐心教導。', '塊元素'),
(58, 45, 46, 0, 0, '2020-11-22', 'swimPool@gmail.com', '教練好,我', '尤詠慈'),
(59, 19, 6, 0, 1, '2020-11-10', 'p@gmail.com', 'pekoland happyhappy', 'pekora'),
(60, 20, 6, 0, 1, '2020-11-12', 'coco@gmail.com', '我要來我要來', 'coco'),
(61, 60, 6, 0, 2, '2020-11-13', 'books@gmail.com', '', '張文亮'),
(63, 4, 6, 0, 2, '2020-11-14', 'nobitatest@gmail.com', '我不會游泳，而且超級怕水，但又好想看海洋生物，拜託教練教教我', '野比大雄'),
(64, 63, 4, 5, 1, '2020-11-22', 'jimmy@gmail.com', '', '游千佑'),
(65, 25, 4, 0, 2, '2020-11-22', 'R@gmail.com', 'rushiachan kawaiii', 'rushia'),
(66, 60, 4, 0, 1, '2020-11-22', 'books@gmail.com', '能保證取得證照嗎？', '張文亮'),
(71, 6, 55, 5, 0, '2020-11-22', 'giantest@gmail.com', '', '岡田虎'),
(72, 3, 55, 5, 0, '2020-11-22', 'doramitest@gmail.com', '', '多啦美'),
(73, 7, 55, 100, 0, '2020-11-22', 'suneotest@gmai.com', '', '谷川小夫'),
(74, 17, 55, 5, 0, '2020-11-22', 'SQ@gmail.com', '', 'SQ'),
(75, 6, 21, 5, 0, '2020-11-22', 'giantest@gmail.com', 'test', '岡田虎'),
(76, 32, 1, 0, 0, '2020-11-22', 'm@gmail.com', '我有自備的潛水裝備喔', 'midosuji'),
(77, 45, 1, 4, 0, '2020-11-22', 'swimPool@gmail.com', '終於等到海底教堂開班了!', '尤詠慈'),
(78, 37, 1, 5, 0, '2020-11-22', 'horse@gmail.com', '我跟尤詠慈會一起到場', '馬鈴淑'),
(79, 12, 6, 0, 0, '2020-11-23', 'doraemontest@gmai.com', '', '多啦A夢'),
(80, 58, 2, 0, 2, '2020-11-23', 'diaplayblock@gmail.com', '', '塊元素'),
(81, 18, 7, 0, 2, '2020-11-23', 's@gmail.com', '', 'shark'),
(82, 12, 7, 0, 1, '2020-11-23', 'doraemontest@gmai.com', '', '多啦A夢'),
(83, 36, 7, 4, 1, '2020-11-23', 'gash@gmail.com', '', 'gash'),
(84, 59, 7, 4, 2, '2020-11-23', 'div@gmail.com', '', 'div'),
(85, 46, 8, 0, 0, '2020-11-23', 'cocoaaa@gmail.com', '沒有裝備怎麼辦', '可警'),
(86, 48, 8, 0, 0, '2020-11-23', 'chuchu@gmail.com', '結訓什麼時候會拿到證書?', '竹竹'),
(87, 33, 8, 0, 0, '2020-11-23', 'L@gmail.com', '當天有接駁車嗎', 'lian'),
(88, 26, 8, 0, 0, '2020-11-23', 'm@gmail.com', '無', 'marin'),
(89, 57, 8, 0, 0, '2020-11-23', 'wu@gmail.com', '', '連加恩'),
(90, 3, 45, 0, 0, '2020-11-23', 'doramitest@gmail.com', '難得沈船有開課!', '多啦美'),
(91, 4, 45, 0, 0, '2020-11-23', 'nobitatest@gmail.com', '無', '野比大雄'),
(92, 34, 45, 0, 0, '2020-11-23', 'a@gmail.com', '我會自帶噴速蛙鞋喔', '趙家豪'),
(93, 7, 54, 0, 0, '2020-11-23', 'suneotest@gmai.com', '我會開豪華遊艇過去', '谷川小夫'),
(94, 71, 18, 5, 0, '2020-11-23', 'aqua@gmail.com', '教練好!!我不會游泳，請耐心教島~', '水行俠'),
(95, 73, 18, 5, 0, '2020-11-23', 'demo@gmail.com', '我不太會游泳，請耐心教導我', 'mrDemo');

-- --------------------------------------------------------

--
-- 資料表結構 `personaldiary`
--

DROP TABLE IF EXISTS `personaldiary`;
CREATE TABLE IF NOT EXISTS `personaldiary` (
  `diaryNo` int(11) NOT NULL AUTO_INCREMENT COMMENT '日誌編號',
  `memNo` int(11) NOT NULL COMMENT '會員編號',
  `diaryName` varchar(20) NOT NULL COMMENT '日誌名稱',
  `diaryWriteDate` date DEFAULT NULL COMMENT '日誌填寫日期now()',
  `diaryType` varchar(10) DEFAULT NULL COMMENT '日誌類別。旅潛、課潛',
  `diveNo` int(11) NOT NULL COMMENT '潛點編號',
  `courseNo` int(11) DEFAULT NULL COMMENT '課程編號',
  `diaryDiveTime` int(11) DEFAULT NULL COMMENT '潛水所用的時間(總共玩了幾分鐘)',
  `diaryPlayDate` datetime DEFAULT NULL COMMENT '入水日期',
  `diaryWeather` int(11) DEFAULT NULL COMMENT '天氣(1晴天、2雨天、3多雲)',
  `diaryVisibility` float DEFAULT NULL COMMENT '能見度',
  `diaryTemp` float DEFAULT NULL COMMENT '當日氣溫',
  `diaryWaterTemp` float DEFAULT NULL COMMENT '最低水溫',
  `diaryText` varchar(300) DEFAULT NULL COMMENT '日誌內容',
  `diaryPoint1` int(11) DEFAULT NULL COMMENT '潛水點一',
  `diaryPoint2` int(11) DEFAULT NULL COMMENT '潛水點二',
  `diaryPoint3` int(11) DEFAULT NULL COMMENT '潛水點三',
  `diaryPoint4` int(11) DEFAULT NULL COMMENT '潛水點四',
  `diaryPoint5` int(11) DEFAULT NULL COMMENT '潛水點五',
  `diaryTimePoint1` int(11) DEFAULT NULL COMMENT '潛水點時間一',
  `diaryTimePoint2` int(11) DEFAULT NULL COMMENT '潛水點時間二',
  `diaryTimePoint3` int(11) DEFAULT NULL COMMENT '潛水點時間三',
  `diaryTimePoint4` int(11) DEFAULT NULL COMMENT '潛水點時間四',
  `diaryTimePoint5` int(11) DEFAULT NULL COMMENT '潛水點時間五',
  `diaryPicsNo` varchar(200) DEFAULT NULL COMMENT '日誌圖片們',
  PRIMARY KEY (`diaryNo`) USING BTREE,
  KEY `memNum` (`memNo`) USING BTREE,
  KEY `diveNo` (`diveNo`) USING BTREE,
  KEY `courseNo` (`courseNo`) USING BTREE
) ENGINE=InnoDB AUTO_INCREMENT=111 DEFAULT CHARSET=utf8 ROW_FORMAT=DYNAMIC;

--
-- 資料表的匯出資料 `personaldiary`
--

INSERT INTO `personaldiary` (`diaryNo`, `memNo`, `diaryName`, `diaryWriteDate`, `diaryType`, `diveNo`, `courseNo`, `diaryDiveTime`, `diaryPlayDate`, `diaryWeather`, `diaryVisibility`, `diaryTemp`, `diaryWaterTemp`, `diaryText`, `diaryPoint1`, `diaryPoint2`, `diaryPoint3`, `diaryPoint4`, `diaryPoint5`, `diaryTimePoint1`, `diaryTimePoint2`, `diaryTimePoint3`, `diaryTimePoint4`, `diaryTimePoint5`, `diaryPicsNo`) VALUES
(1, 20, '四條蘭嶼狂歡夜', '2020-11-05', '1', 10, 1, 100, '2020-11-01 17:31:25', 1, 20, 18, 31, '初次夜潛課，應該是感冒的關係暈浪了，看見兩種不同的海蛞蝓和很多白天不易發覺拍攝的生物，左側這潛水點滿乾淨，沒看到什麼垃圾！', 10, 45, 20, 30, 5, 5, 5, 5, 5, 5, 'img/diary/diaryphoto9.png'),
(2, 18, '盛夏花瓶岩游', '2020-11-06', '2', 15, 1, 60, '2020-06-06 17:31:25', 1, 20, 28, 31, '今天的最大重頭戲夜潛看珊瑚產卵，由於下午在眺石看過現場潛伴覺得可能性不高，所以只好轉戰最多人以及最有可能的出水口這個潛點，原本要過來前就覺得應該會是大爆滿的人果真一到現場停車一看就是滿滿像是夜市般的熱鬧，水下更是精彩，從水面上看過去水下的手電筒光芒四射呢，不過也想著這應該會很慘才是，果不其然水下的人太多了，雖然夜潛的能見度本來就不是說多好，但是太多的人就容易揚沙起來，整個畫面都是沙粒。夜潛的許多常見的生物晚上都會出來見個面，寄居蟹、海膽、螺類，最幸福的是又看到一顆大法螺。', 15, 40, 23, 35, 12, 5, 5, 5, 5, 5, 'img/diary/diaryphoto9.png'),
(3, 5, '海底焦糖.綠島', '2020-11-06', '2', 1, 2, 80, '2020-06-14 17:31:25', 1, 20, 28, 18, '珊瑚被沙子覆蓋嚴重，影響珊瑚生態，很多尼莫，水不深是個訓練的好地方，只是建議學員別亂揚沙子，影響珊瑚礁生長，能見度5米。', 15, 40, 20, 35, 10, 5, 5, 5, 5, 5, 'img/diary/diaryphoto8.png'),
(4, 8, '鋼鐵礁.綠島', '2020-11-06', '2', 2, 2, 80, '2020-06-14 17:31:25', 1, 20, 26, 13, '往前找了一下，沒看到人，回水面等待也沒看到人，只能往岸邊游，一邊游一邊浮上水面，第二次到水面上的時候就看到教練在水面上找我了\r\n能見度非常差，只有3-5m中間有一隻大魚一直跟著我們一起游泳，可惜拍起來黑嘛嘛', 15, 35, 20, 35, 10, 5, 5, 5, 5, 5, 'img/diary/diaryphoto10.png'),
(5, 9, '大香菇游.綠島', '2020-11-06', '2', 3, 2, 60, '2020-06-20 17:31:25', 1, 20, 30, 23, '今天的最大重頭戲夜潛看珊瑚產卵，由於下午在眺石看過現場潛伴覺得可能性不高，所以只好轉戰最多人以及最有可能的出水口這個潛點，原本要過來前就覺得應該會是大爆滿的人果真一到現場停車一看就是滿滿像是夜市般的熱鬧，水下更是精彩，從水面上看過去水下的手電筒光芒四射呢，不過也想著這應該會很慘才是，果不其然水下的人太多了，雖然夜潛的能見度本來就不是說多好，但是太多的人就容易揚沙起來，整個畫面都是沙粒。夜潛的許多常見的生物晚上都會出來見個面，寄居蟹、海膽、螺類，最幸福的是又看到一顆大法螺。', 15, 35, 20, 30, 10, 5, 5, 5, 5, 5, 'img/diary/diaryphoto11.png'),
(6, 5, '海底大峽谷.綠島', '2020-11-06', '1', 4, 2, 50, '2020-06-30 17:31:25', 1, 20, 23, 16, '兩次來都遇到很大的流 能見度也很差大約5米 真的超可惜的 原本聽說前一天有人遇到manta 想來碰碰運氣 結果還是沒有遇到～', 15, 16, 20, 20, 10, 5, 5, 5, 5, 5, 'img/diary/diaryphoto5.png'),
(7, 4, '雞仔礁.綠島', '2020-11-06', '2', 5, 2, 100, '2020-06-30 17:31:25', 1, 20, 23, 14, '今天的最大重頭戲夜潛看珊瑚產卵，由於下午在眺石看過現場潛伴覺得可能性不高，所以只好轉戰最多人以及最有可能的出水口這個潛點，原本要過來前就覺得應該會是大爆滿的人果真一到現場停車一看就是滿滿像是夜市般的熱鬧，水下更是精彩，從水面上看過去水下的手電筒光芒四射呢，不過也想著這應該會很慘才是，果不其然水下的人太多了，雖然夜潛的能見度本來就不是說多好，但是太多的人就容易揚沙起來，整個畫面都是沙粒。夜潛的許多常見的生物晚上都會出來見個面，寄居蟹、海膽、螺類，最幸福的是又看到一顆大法螺。', 15, 35, 40, 20, 10, 5, 5, 5, 5, 5, 'img/diary/diaryphoto6.png'),
(8, 5, '母雞岩.蘭嶼', '2020-11-05', '1', 6, 1, 45, '2020-11-01 17:31:25', 1, 31, 25, 20, '香蕉灣漁港旁,土地公前下水，延攬生穿過坑洞，可到小沙地的浮球，小沙地210出去，到礁石沙地分界左切180度，游15分不等，看到一團大漁網，左切90度到4-6米處，就是小丑島。', 15, 30, 45, 35, 5, 5, 5, 5, 5, 5, 'img/diary/diaryphoto2.png'),
(9, 8, '八代船.蘭嶼', '2020-06-11', '1', 7, 1, 45, '2020-11-07 17:31:25', 1, 31, 25, 20, '今天的最大重頭戲夜潛看珊瑚產卵，由於下午在眺石看過現場潛伴覺得可能性不高，所以只好轉戰最多人以及最有可能的出水口這個潛點，原本要過來前就覺得應該會是大爆滿的人果真一到現場停車一看就是滿滿像是夜市般的熱鬧，水下更是精彩，從水面上看過去水下的手電筒光芒四射呢，不過也想著這應該會很慘才是，果不其然水下的人太多了，雖然夜潛的能見度本來就不是說多好，但是太多的人就容易揚沙起來，整個畫面都是沙粒。夜潛的許多常見的生物晚上都會出來見個面，寄居蟹、海膽、螺類，最幸福的是又看到一顆大法螺。', 15, 30, 48, 25, 5, 5, 5, 5, 5, 5, 'img/diary/diaryphoto6.png'),
(10, 10, '椰油游游.綠島', '2020-11-06', '2', 8, 2, 90, '2020-06-14 17:31:25', 1, 20, 26, 20, '在海中屬於自己的寧靜，沙地看魟魚，第二隻船潛嘗試跨式入水，左腳無法支撐站立，換右腳。左腳怕怕的，最後還是下水。導潛帶著ow學生海洋實習，覺得中性浮力隨著自己氣瓶數累積而增加經驗值。', 15, 35, 20, 35, 10, 5, 5, 5, 5, 5, 'img/diary/diaryphoto1.png'),
(11, 10, '野營小峽谷.綠島', '2020-11-06', '2', 9, 2, 90, '2020-06-20 17:31:25', 1, 20, 15, 24, '今天的最大重頭戲夜潛看珊瑚產卵，由於下午在眺石看過現場潛伴覺得可能性不高，所以只好轉戰最多人以及最有可能的出水口這個潛點，原本要過來前就覺得應該會是大爆滿的人果真一到現場停車一看就是滿滿像是夜市般的熱鬧，水下更是精彩，從水面上看過去水下的手電筒光芒四射呢，不過也想著這應該會很慘才是，果不其然水下的人太多了，雖然夜潛的能見度本來就不是說多好，但是太多的人就容易揚沙起來，整個畫面都是沙粒。夜潛的許多常見的生物晚上都會出來見個面，寄居蟹、海膽、螺類，最幸福的是又看到一顆大法螺。', 15, 35, 20, 43, 10, 5, 5, 5, 5, 5, 'img/diary/diaryphoto6.png'),
(12, 3, '壁湖墾丁狂歡夜', '2020-11-05', '1', 11, NULL, 90, '2020-06-22 17:31:25', 3, 18, 24, 20, '初次夜潛課，應該是感冒的關係暈浪了，看見兩種不同的海蛞蝓和很多白天不易發覺拍攝的生物，左側這潛水點滿乾淨，沒看到什麼垃圾！', 5, 40, 20, 35, 10, NULL, NULL, NULL, NULL, NULL, 'img/diary/diaryphoto10.png'),
(13, 6, '水口墾丁狂歡夜', '2020-11-05', '1', 12, 1, 80, '2020-06-22 17:31:25', 1, 18, 24, 23, '今天的最大重頭戲夜潛看珊瑚產卵，由於下午在眺石看過現場潛伴覺得可能性不高，所以只好轉戰最多人以及最有可能的出水口這個潛點，原本要過來前就覺得應該會是大爆滿的人果真一到現場停車一看就是滿滿像是夜市般的熱鬧，水下更是精彩，從水面上看過去水下的手電筒光芒四射呢，不過也想著這應該會很慘才是，果不其然水下的人太多了，雖然夜潛的能見度本來就不是說多好，但是太多的人就容易揚沙起來，整個畫面都是沙粒。夜潛的許多常見的生物晚上都會出來見個面，寄居蟹、海膽、螺類，最幸福的是又看到一顆大法螺。', 5, 35, 20, 35, 10, 5, 5, 5, 5, 5, 'img/diary/diaryphoto7.png'),
(14, 10, '蘭動墾丁狂歡夜', '2020-11-05', '1', 13, 1, 100, '2020-06-23 17:31:25', 1, 20, 18, 31, '潛水人生No.119 是誰說水溫28度的，下去瞬間降4度，天啊我只穿薄薄的水母衣凍死我了！曲膝蓋抱胸口前進Laura特訓fighting，很幸運一下水沒多久就搭到梭魚公車。\r\n#vocation #beach #sea #island #love #diving #fundive #sun #sunshine #gopro #goprohero5 #snokeling ', 10, 45, 45, 30, 5, 5, 5, 5, 5, 5, 'img/diary/diaryphoto2.png'),
(15, 20, '合界墾丁狂歡夜', '2020-11-05', '1', 14, 1, 100, '2020-08-14 17:31:25', 1, 25, 16, 24, '在海中屬於自己的寧靜，沙地看魟魚，第二隻船潛嘗試跨式入水，左腳無法支撐站立，換右腳。左腳怕怕的，最後還是下水。導潛帶著ow學生海洋實習，覺得中性浮力隨著自己氣瓶數累積而增加經驗值。', 10, 35, 45, 30, 5, 5, 5, 5, 5, 5, 'img/diary/diaryphoto6.png'),
(16, 8, '花瓶岩琉球野營', '2020-11-05', '1', 15, 1, 90, '2020-11-01 17:31:25', 1, 20, 28, 18, '今天的最大重頭戲夜潛看珊瑚產卵，由於下午在眺石看過現場潛伴覺得可能性不高，所以只好轉戰最多人以及最有可能的出水口這個潛點，原本要過來前就覺得應該會是大爆滿的人果真一到現場停車一看就是滿滿像是夜市般的熱鬧，水下更是精彩，從水面上看過去水下的手電筒光芒四射呢，不過也想著這應該會很慘才是，果不其然水下的人太多了，雖然夜潛的能見度本來就不是說多好，但是太多的人就容易揚沙起來，整個畫面都是沙粒。夜潛的許多常見的生物晚上都會出來見個面，寄居蟹、海膽、螺類，最幸福的是又看到一顆大法螺。', 5, 45, 20, 25, 5, 5, 5, 5, 5, 5, 'img/diary/diaryphoto2.png'),
(17, 10, '美人洞琉球潛', '2020-11-06', '2', 16, 1, 80, '2020-06-06 17:31:25', 1, 20, 28, 31, '兩次來都遇到很大的流 能見度也很差大約5米 真的超可惜的 原本聽說前一天有人遇到manta 想來碰碰運氣 結果還是沒有遇到～', 5, 45, 25, 40, 20, 5, 5, 5, 5, 5, 'img/diary/diaryphoto9.png'),
(18, 1, '衫福琉球享夜', '2020-10-08', '1', 17, 1, 90, '2020-08-24 17:31:25', 1, 20, 27, 23, '今天的最大重頭戲夜潛看珊瑚產卵，由於下午在眺石看過現場潛伴覺得可能性不高，所以只好轉戰最多人以及最有可能的出水口這個潛點，原本要過來前就覺得應該會是大爆滿的人果真一到現場停車一看就是滿滿像是夜市般的熱鬧，水下更是精彩，從水面上看過去水下的手電筒光芒四射呢，不過也想著這應該會很慘才是，果不其然水下的人太多了，雖然夜潛的能見度本來就不是說多好，但是太多的人就容易揚沙起來，整個畫面都是沙粒。夜潛的許多常見的生物晚上都會出來見個面，寄居蟹、海膽、螺類，最幸福的是又看到一顆大法螺。', 5, 30, 45, 25, 5, 5, 5, 5, 5, 5, 'img/diary/diaryphoto3.png'),
(19, 7, '鎮海琉球享夜', '2020-10-05', '2', 18, 1, 100, '2020-08-10 17:31:25', 1, 20, 26, 14, '原本要過來前就覺得應該會是大爆滿的人果真一到現場停車一看就是滿滿像是夜市般的熱鬧，水下更是精彩，從水面上看過去水下的手電筒光芒四射呢，不過也想著這應該會很慘才是，果不其然水下的人太多了，雖然夜潛的能見度本來就不是說多好，但是太多的人就容易揚沙起來，整個畫面都是沙粒。夜潛的許多常見的生物晚上都會出來見個面，寄居蟹、海膽、螺類，最幸福的是又看到一顆大法螺。', 5, 30, 45, 25, 5, 5, 5, 5, 5, 5, 'img/diary/diaryphoto8.png'),
(20, 19, '石礁琉球狂歡夜', '2020-10-12', '2', 19, 3, 100, '2020-08-10 17:31:25', 1, 22, 18, 28, '這次5人團出發啦！原本要潛2支，因為能見度只有2～3公尺，但有看到躲在沙裡的魟魚、海鰻等！這次帶了一個多月的傷潛水，除了小心還是小心，潛了30幾分鐘開始不舒服了，還好上船後，阿愷教練覺得能見度不好，就回程啦～好險⋯腳可以好好休息啦！', 5, 30, 40, 25, 5, 5, 5, 5, 5, 5, 'img/diary/diaryphoto6.png'),
(21, 3, '盛夏和美東北角', '2020-10-12', '2', 20, 3, 120, '2020-08-10 17:31:25', 1, 22, 25, 21, '原本要過來前就覺得應該會是大爆滿的人果真一到現場停車一看就是滿滿像是夜市般的熱鬧，水下更是精彩，從水面上看過去水下的手電筒光芒四射呢，不過也想著這應該會很慘才是，果不其然水下的人太多了，雖然夜潛的能見度本來就不是說多好，但是太多的人就容易揚沙起來，整個畫面都是沙粒。夜潛的許多常見的生物晚上都會出來見個面，寄居蟹、海膽、螺類，最幸福的是又看到一顆大法螺。', 5, 30, 40, 25, 5, 5, 5, 5, 5, 5, 'img/diary/diaryphoto11.png'),
(22, 4, '盛夏龍洞東北角', '2020-10-24', '1', 21, 3, 120, '2020-08-15 17:31:25', 1, 22, 28, 20, '在海中屬於自己的寧靜，沙地看魟魚，第二隻船潛嘗試跨式入水，左腳無法支撐站立，換右腳。左腳怕怕的，最後還是下水。導潛帶著ow學生海洋實習，覺得中性浮力隨著自己氣瓶數累積而增加經驗值。', 5, 30, 45, 25, 5, 5, 5, 5, 5, 5, 'img/diary/diaryphoto10.png'),
(23, 6, '潮境東北角狂歡夜', '2020-09-12', '2', 22, 3, 100, '2020-05-23 17:31:25', 1, 22, 18, 12, '原本要過來前就覺得應該會是大爆滿的人果真一到現場停車一看就是滿滿像是夜市般的熱鬧，水下更是精彩，從水面上看過去水下的手電筒光芒四射呢，不過也想著這應該會很慘才是，果不其然水下的人太多了，雖然夜潛的能見度本來就不是說多好，但是太多的人就容易揚沙起來，整個畫面都是沙粒。夜潛的許多常見的生物晚上都會出來見個面，寄居蟹、海膽、螺類，最幸福的是又看到一顆大法螺。', 5, 30, 40, 25, 5, 5, 5, 5, 5, 5, 'img/diary/diaryphoto9.png'),
(89, 1, '出水口歡樂潛', '2020-11-16', '1', 11, NULL, 120, '2020-11-15 00:00:00', 3, 25, 22, 18, '金梭魚群風暴太美！洞穴好奇幻，很熱鬧，很多人，在水面熱到崩潰，在水下冷到懷疑，發現鰻魚出來打招呼。', 10, 21, 12, 24, 15, 5, 5, 5, 5, 5, 'img/diary/diaryphoto8.png'),
(90, 1, '出水口狂歡夜', '2020-11-16', '1', 11, NULL, 150, '2020-11-13 00:00:00', 3, 22, 27, 22, '珊瑚被沙子覆蓋嚴重，影響珊瑚生態，很多尼莫，水不深是個訓練的好地方，只是建議學員別亂揚沙子，影響珊瑚礁生長，能見度5米。', 7, 17, 9, 20, 11, NULL, NULL, NULL, NULL, NULL, 'img/diary/diaryphoto1.png'),
(93, 11, '美人洞夜潛', '2020-11-19', '1', 15, NULL, 120, '2020-11-17 00:00:00', 3, 30, 23, 12, '這次5人團出發啦！原本要潛2支，因為能見度只有2～3公尺，但有看到躲在沙裡的魟魚、海鰻等！這次帶了一個多月的傷潛水，除了小心還是小心，潛了30幾分鐘開始不舒服了，還好上船後，阿愷教練覺得能見度不好，就回程啦～好險⋯腳可以好好休息啦！', 19, 45, 32, 15, 2, NULL, NULL, NULL, NULL, NULL, 'img/diary/diaryphoto7.png'),
(94, 8, '海糖夜潛潛', '2020-11-19', '2', 1, NULL, 160, '2020-11-09 00:00:00', 3, 28, 18, 12, '香蕉灣漁港旁,土地公前下水，延攬生穿過坑洞，可到小沙地的浮球，小沙地210出去，到礁石沙地分界左切180度，游15分不等，看到一團大漁網，左切90度到4-6米處，就是小丑島。', 8, 47, 27, 36, 15, NULL, NULL, NULL, NULL, NULL, 'img/diary/diaryphoto1.png'),
(95, 10, '海糖夜潛去', '2020-11-19', '2', 1, NULL, 160, '2020-11-15 00:00:00', 3, 30, 20, 12, '香蕉灣漁港旁,土地公前下水，延攬生穿過坑洞，可到小沙地的浮球，小沙地210出去，到礁石沙地分界左切180度，游15分不等，看到一團大漁網，左切90度到4-6米處，就是小丑島。', 10, 29, 43, 16, 4, NULL, NULL, NULL, NULL, NULL, 'img/diary/diaryphoto1.png'),
(96, 13, '小飛俠潛潛', '2020-11-19', '2', 6, NULL, 180, '2020-11-10 00:00:00', 3, 15, 16, 4, '兩次來都遇到很大的流，能見度也很差大約5米，真的超可惜的，原本聽說前一天有人遇到manta，想來碰碰運氣，結果還是沒有遇到～', 7, 28, 49, 16, 23, NULL, NULL, NULL, NULL, NULL, 'img/diary/diaryphoto8.png'),
(97, 5, '潛水好好玩', '2020-11-19', '1', 11, NULL, 200, '2020-11-02 00:00:00', 3, 15, 27, 12, '兩次來都遇到很大的流 能見度也很差大約5米 真的超可惜的 原本聽說前一天有人遇到manta 想來碰碰運氣 結果還是沒有遇到～', 16, 37, 19, 7, 18, NULL, NULL, NULL, NULL, NULL, 'img/diary/diaryphoto3.png'),
(98, 14, '夏季潛水去', '2020-11-19', '1', 11, NULL, 30, '2020-11-10 00:00:00', 3, 2.5, 24, 23, '今天好冷唷~海里也好冷 我到底為什麼要去潛水', 20, 8, 30, 17, 40, NULL, NULL, NULL, NULL, NULL, 'img/diary/diaryphoto12.png'),
(99, 3, '衫福潛水趣', '2020-11-20', '1', 5, NULL, 120, '2020-11-07 00:00:00', 3, 30, 23, 12, '香蕉灣漁港旁,土地公前下水，延攬生穿過坑洞，可到小沙地的浮球，小沙地210出去，到礁石沙地分界左切180度，游15分不等，看到一團大漁網，左切90度到4-6米處，就是小丑島。', 31, 16, 42, 50, 27, 5, 5, 5, 5, 5, 'img/diary/diaryphoto11.png'),
(100, 3, '海底潛水趣', '2020-11-20', '2', 4, NULL, 150, '2020-10-10 00:00:00', 3, 20, 28, 12, '兩次來都遇到很大的流 能見度也很差大約5米 真的超可惜的 原本聽說前一天有人遇到manta 想來碰碰運氣 結果還是沒有遇到～', 22, 40, 9, 27, 45, NULL, NULL, NULL, NULL, NULL, 'img/diary/diaryphoto7.png'),
(101, 3, '峽谷一日遊', '2020-11-20', '1', 4, NULL, 50, '2020-11-18 00:00:00', 1, 20, 23, 18, '在大峽谷潛水遇到了可怕的生物，可怕到回家都在做惡夢，好想要結訓。', 17, 22, 16, 18, 8, NULL, NULL, NULL, NULL, NULL, 'img/diary/diaryphoto8.png'),
(102, 11, '潛水一日遊', '2020-11-20', '2', 23, NULL, 50, '2020-06-11 00:00:00', 2, 30, 23, 18, '珊瑚被沙子覆蓋嚴重，影響珊瑚生態，很多尼莫，水不深是個訓練的好地方，只是建議學員別亂揚沙子，影響珊瑚礁生長，能見度5米。', 47, 19, 45, 31, 11, NULL, NULL, NULL, NULL, NULL, 'img/diary/diaryphoto10.png'),
(103, 42, '洞潛真美', '2020-11-21', '1', 11, NULL, 50, '2020-11-16 00:00:00', 3, 6.5, 23, 20, '我目前有OW證照，潛水過了幾次。這次想來試試看不一樣的「洞潛」，雖然沒看到很多魚，但有另一種清閒的享受。', 6, 17, 10, 40, 25, NULL, NULL, NULL, NULL, NULL, 'img/diary/diaryphoto7.png'),
(104, 39, '潛水初體驗', '2020-11-21', '2', 22, NULL, 35, '2020-10-01 00:00:00', 1, 8.5, 27, 26, '雖然我不太會游泳，但是看到Amy教練的評價很高，就決定來參加體驗課程了。Amy教練人真的很好，對人很有耐心，還會指給我看魚在哪裡。可惜我沒有OW證照，不能潛太深……下次我一定要去考OW證照！', 4, 12, 11, 8, 12, NULL, NULL, NULL, NULL, NULL, 'img/diary/diaryphoto2.png'),
(105, 12, '鋼鐵礁驚魂記', '2020-11-21', '1', 2, NULL, 30, '2020-11-20 00:00:00', 1, 20, 23, 17, '那天去鋼鐵礁潛水，一開始都很好，海洋生物都超友善，但是後來，竟然有一隻魚一直朝我這邊靠近，我嚇都嚇死了，趕快拿出我的百寶袋，想把它趕走，因為我不想被罰20萬，最後用縮小燈把它給縮小了，才結束我這場驚魂記，下次要小心！', 8, 14, 23, 12, 4, NULL, NULL, NULL, NULL, NULL, 'img/diary/diaryphoto2.png'),
(106, 7, '豪華峽谷遊', '2020-11-21', '1', 4, NULL, 30, '2020-11-14 00:00:00', 1, 20, 23, 18, '真的不是我在說，我堂哥開著遊艇帶我去海底大峽谷飆船，一路上乘風破浪，還有海豚在旁邊跟我們打招呼，拍了許多精美的照片，只可惜我的高級相機在家，還沒洗出照片，只好先放上其他張給你們聞香。', 35, 26, 21, 15, 0, NULL, NULL, NULL, NULL, NULL, 'img/diary/diaryphoto3.png');

-- --------------------------------------------------------

--
-- 資料表結構 `reportcomment`
--

DROP TABLE IF EXISTS `reportcomment`;
CREATE TABLE IF NOT EXISTS `reportcomment` (
  `reportNo` int(11) NOT NULL AUTO_INCREMENT COMMENT '檢舉編號',
  `comNo` int(11) NOT NULL COMMENT '留言編號',
  `reason` int(11) NOT NULL COMMENT '檢舉選項\r\n0:仇恨言論\r\n1:色情內容\r\n2:與本網站無關',
  `whistleblowerNo` int(11) NOT NULL COMMENT '檢舉會員編號',
  `reportStatus` int(11) NOT NULL COMMENT '處理狀態\r\n0:未處理\r\n1:已刪除\r\n2:未通過',
  `reportTime` datetime NOT NULL COMMENT '檢舉時間',
  PRIMARY KEY (`reportNo`) USING BTREE,
  KEY `comNo` (`comNo`) USING BTREE
) ENGINE=InnoDB AUTO_INCREMENT=24 DEFAULT CHARSET=utf8 ROW_FORMAT=DYNAMIC;

-- --------------------------------------------------------

--
-- 資料表結構 `trainer`
--

DROP TABLE IF EXISTS `trainer`;
CREATE TABLE IF NOT EXISTS `trainer` (
  `trainerNo` int(11) NOT NULL AUTO_INCREMENT COMMENT '教練編號',
  `trainerName` varchar(20) NOT NULL COMMENT '教練名字',
  `trainerImage` varchar(25) DEFAULT NULL COMMENT '教練圖片',
  `trainerScore` int(11) DEFAULT NULL COMMENT '教練總分',
  `studentNum` int(11) DEFAULT NULL COMMENT '評分人數',
  `trainerStatus` int(11) NOT NULL DEFAULT '1' COMMENT '帳號狀態1:在職 0:已離職',
  `trainerId` varchar(20) NOT NULL COMMENT '教練帳號',
  `trainerPsw` varchar(20) NOT NULL COMMENT '教練密碼',
  `trainerAvatar` varchar(200) NOT NULL COMMENT '教練大頭貼',
  PRIMARY KEY (`trainerNo`) USING BTREE
) ENGINE=InnoDB AUTO_INCREMENT=14 DEFAULT CHARSET=utf8 ROW_FORMAT=DYNAMIC;

--
-- 資料表的匯出資料 `trainer`
--

INSERT INTO `trainer` (`trainerNo`, `trainerName`, `trainerImage`, `trainerScore`, `studentNum`, `trainerStatus`, `trainerId`, `trainerPsw`, `trainerAvatar`) VALUES
(1, 'Billy', 'TA001.jpg', 49, 10, 0, 'ta001', 'ta001', 'TA001_AVATAR.jpg'),
(2, 'Amy', 'TA002.jpg', 42, 9, 1, 'ta002', 'ta002', 'TA002_AVATAR.jpg'),
(3, 'Sam', 'TA003.jpg', 4, 1, 1, 'ta003', 'ta003', 'TA003_AVATAR.jpg'),
(4, 'Zoe', 'TA004.jpg', 7, 2, 1, 'ta004', 'ta004', 'TA004_AVATAR.jpg'),
(5, 'Samantha', 'TA005.jpg', 0, 0, 1, 'ta005', 'ta005', 'TA005_AVATAR.jpg'),
(6, 'Tin', 'TA006.jpg', 0, 0, 1, 'ta006', 'ta006', 'TA006_AVATAR.jpg'),
(7, 'Kiki', 'TA007.jpg', 3, 1, 1, 'ta007', 'ta007', 'TA007_AVATAR.jpg'),
(8, 'Sean', 'TA008.jpg', 0, 0, 1, 'ta008', 'ta008', 'TA008_AVATAR.jpg'),
(9, 'Daniel', 'TA009.jpg', 9, 3, 1, 'ta009', 'ta009', 'TA009_AVATAR.jpg'),
(10, 'ta010', 'IMG_2330.JPG', NULL, NULL, 0, 'ta010', 'ta010', 'IMG_2330.JPG'),
(11, 'ta011', 'pexels-pia98766582.jpg', NULL, NULL, 1, 'ta011', 'ta011', 'pexels90946582.jpg'),
(12, 'ta012', 'pexels-pia98766582.jpg', NULL, NULL, 1, 'ta012', 'ta012', 'pexelshgu-je65871.jpg'),
(13, 'ta013', 'pexels-pia98766582.jpg', NULL, NULL, 1, 'ta013', 'ta013', 'pexelshgu-je65871.jpg');

--
-- 已匯出資料表的限制(Constraint)
--

--
-- 資料表的 Constraints `class`
--
ALTER TABLE `class`
  ADD CONSTRAINT `class_ibfk_1` FOREIGN KEY (`diveNo`) REFERENCES `divespots` (`diveNo`),
  ADD CONSTRAINT `class_ibfk_2` FOREIGN KEY (`trainerNo`) REFERENCES `trainer` (`trainerNo`),
  ADD CONSTRAINT `class_ibfk_3` FOREIGN KEY (`courseNo`) REFERENCES `course` (`courseNo`);

--
-- 資料表的 Constraints `coursecontent`
--
ALTER TABLE `coursecontent`
  ADD CONSTRAINT `coursecontent_ibfk_1` FOREIGN KEY (`courseNo`) REFERENCES `course` (`courseNo`);

--
-- 資料表的 Constraints `courselicensemapping`
--
ALTER TABLE `courselicensemapping`
  ADD CONSTRAINT `courselicensemapping_ibfk_1` FOREIGN KEY (`courseNo`) REFERENCES `course` (`courseNo`);

--
-- 資料表的 Constraints `diaryimg`
--
ALTER TABLE `diaryimg`
  ADD CONSTRAINT `diaryimg_ibfk_1` FOREIGN KEY (`biologicalNo`) REFERENCES `biologicalimg` (`biologicalNo`),
  ADD CONSTRAINT `diaryimg_ibfk_2` FOREIGN KEY (`diaryNo`) REFERENCES `personaldiary` (`diaryNo`);

--
-- 資料表的 Constraints `diaryreport`
--
ALTER TABLE `diaryreport`
  ADD CONSTRAINT `diaryreport_ibfk_1` FOREIGN KEY (`diaryNo`) REFERENCES `personaldiary` (`diaryNo`),
  ADD CONSTRAINT `diaryreport_ibfk_2` FOREIGN KEY (`memNo`) REFERENCES `member` (`memNo`);

--
-- 資料表的 Constraints `diveanimal`
--
ALTER TABLE `diveanimal`
  ADD CONSTRAINT `diveanimal_ibfk_1` FOREIGN KEY (`diveAreaNo`) REFERENCES `divearea` (`diveAreaNo`),
  ADD CONSTRAINT `diveanimal_ibfk_2` FOREIGN KEY (`diveNo`) REFERENCES `divespots` (`diveNo`);

--
-- 資料表的 Constraints `divecomment`
--
ALTER TABLE `divecomment`
  ADD CONSTRAINT `divecomment_ibfk_1` FOREIGN KEY (`memNo`) REFERENCES `member` (`memNo`),
  ADD CONSTRAINT `divecomment_ibfk_2` FOREIGN KEY (`diveNo`) REFERENCES `divespots` (`diveNo`);

--
-- 資料表的 Constraints `divehere`
--
ALTER TABLE `divehere`
  ADD CONSTRAINT `divehere_ibfk_1` FOREIGN KEY (`diveNo`) REFERENCES `divespots` (`diveNo`),
  ADD CONSTRAINT `divehere_ibfk_2` FOREIGN KEY (`memNo`) REFERENCES `member` (`memNo`);

--
-- 資料表的 Constraints `divespots`
--
ALTER TABLE `divespots`
  ADD CONSTRAINT `divespots_ibfk_1` FOREIGN KEY (`diveAreaNo`) REFERENCES `divearea` (`diveAreaNo`),
  ADD CONSTRAINT `divespots_ibfk_2` FOREIGN KEY (`adminNo`) REFERENCES `admin` (`adminNo`);

--
-- 資料表的 Constraints `favorite`
--
ALTER TABLE `favorite`
  ADD CONSTRAINT `favorite_ibfk_1` FOREIGN KEY (`memNo`) REFERENCES `member` (`memNo`),
  ADD CONSTRAINT `favorite_ibfk_2` FOREIGN KEY (`itemNo`) REFERENCES `item` (`itemNo`);

--
-- 資料表的 Constraints `game`
--
ALTER TABLE `game`
  ADD CONSTRAINT `game_ibfk_1` FOREIGN KEY (`memNo`) REFERENCES `member` (`memNo`);

--
-- 資料表的 Constraints `itemorder`
--
ALTER TABLE `itemorder`
  ADD CONSTRAINT `itemorder_ibfk_1` FOREIGN KEY (`memNo`) REFERENCES `member` (`memNo`);

--
-- 資料表的 Constraints `itemorderlist`
--
ALTER TABLE `itemorderlist`
  ADD CONSTRAINT `itemorderlist_ibfk_1` FOREIGN KEY (`orderNo`) REFERENCES `itemorder` (`orderNo`),
  ADD CONSTRAINT `itemorderlist_ibfk_2` FOREIGN KEY (`itemNo`) REFERENCES `item` (`itemNo`);

--
-- 資料表的 Constraints `licensereview`
--
ALTER TABLE `licensereview`
  ADD CONSTRAINT `licensereview_ibfk_1` FOREIGN KEY (`memNo`) REFERENCES `member` (`memNo`);

--
-- 資料表的 Constraints `personalcourseorder`
--
ALTER TABLE `personalcourseorder`
  ADD CONSTRAINT `FK_personalcourseorder_class` FOREIGN KEY (`classNo`) REFERENCES `class` (`classNo`),
  ADD CONSTRAINT `FK_personalcourseorder_member` FOREIGN KEY (`memNo`) REFERENCES `member` (`memNo`);

--
-- 資料表的 Constraints `personaldiary`
--
ALTER TABLE `personaldiary`
  ADD CONSTRAINT `personaldiary_ibfk_1` FOREIGN KEY (`memNo`) REFERENCES `member` (`memNo`),
  ADD CONSTRAINT `personaldiary_ibfk_2` FOREIGN KEY (`diveNo`) REFERENCES `divespots` (`diveNo`),
  ADD CONSTRAINT `personaldiary_ibfk_3` FOREIGN KEY (`courseNo`) REFERENCES `course` (`courseNo`);

--
-- 資料表的 Constraints `reportcomment`
--
ALTER TABLE `reportcomment`
  ADD CONSTRAINT `reportcomment_ibfk_1` FOREIGN KEY (`comNo`) REFERENCES `divecomment` (`comNo`);
COMMIT;

/*!40101 SET CHARACTER_SET_CLIENT=@OLD_CHARACTER_SET_CLIENT */;
/*!40101 SET CHARACTER_SET_RESULTS=@OLD_CHARACTER_SET_RESULTS */;
/*!40101 SET COLLATION_CONNECTION=@OLD_COLLATION_CONNECTION */;
